Employee Identifier,Job,Salaries,Overtime,Other Salaries,Total Salary,Retirement,Health/Dental,Other Benefits,Total Benefits,Total Compensation
32579,Police Officer,626,0,0,626,113.49,102.9,49.58,265.97,891.97
40986,Police Officer,105748.5,28059.73,3293.65,137101.88,19636.2,13890.3,2204.28,35730.78,172832.66
55037,Police Officer,75945.33,1857.18,2125.34,79927.85,13717.25,12346.92,4575.62,30639.79,110567.64
34253,Police Officer,15800,9496.97,3097.93,28394.9,2963.84,2057.82,477.23,5498.89,33893.79
2406,Police Officer,85329.05,3961.53,5679.09,94969.67,15689.33,13890.29,2741.88,32321.5,127291.17
9937,Police Officer,85329.11,6397.95,5189.75,96916.81,15772.45,13890.28,2323.89,31986.62,128903.43
13835,Police Officer,110811.47,8820.79,9467.59,129099.85,20568.18,13890.3,1843.21,36301.69,165401.54
37789,Police Officer,75945.32,3216.7,2110.38,81272.4,13717.24,12346.92,4599.88,30664.04,111936.44
37205,Police Officer,60184.14,1028.61,6723.86,67936.61,10957.79,9838.96,3392.05,24188.8,92125.41
11975,Police Officer,86569.08,11986.44,6423.98,104979.5,16104.94,13890.27,1729.67,31724.88,136704.38
33738,Police Officer,60295.31,1340.81,690.99,62327.11,10803.28,9774.65,4292.77,24870.7,87197.81
39657,Police Officer,85336.95,9834.2,8383.43,103554.58,15760.88,13890.29,2116.12,31767.29,135321.87
30619,Police Officer,11175.5,0,0,11175.5,1983.66,1800.59,862.59,4646.84,15822.34
13743,Police Officer,118314.03,28204.36,10600.35,157118.74,20807.08,13837.49,2638.92,37283.49,194402.23
4611,Police Officer,15800,6938.73,3340.5,26079.23,2963.84,2057.82,438.2,5459.86,31539.09
50469,Police Officer,68761.07,1961.95,1279.69,72002.71,12407.56,11189.4,4442.71,28039.67,100042.38
13298,Police Officer,89782.39,13367.29,11334.19,114483.87,16697.5,13890.28,1869.53,32457.31,146941.18
27763,Police Officer,15800,4585.71,1607.42,21993.13,2963.84,2057.82,369.04,5390.7,27383.83
958,Police Officer,66555.31,1857.19,1895.85,70308.35,11968.87,10803.56,4450.65,27223.08,97531.43
55041,Police Officer,66555.32,235.74,89.81,66880.87,11968.87,10803.56,4326.29,27098.72,93979.59
44442,Police Officer,58819.56,4998.65,18085.26,81903.47,10456.83,6945.14,1349.86,18751.83,100655.3
3897,Police Officer,60295.3,0,9.98,60305.28,10803.27,9774.65,4258.68,24836.6,85141.88
24916,Police Officer,60900.05,2571.31,7846.14,71317.5,11043.45,7189.51,1213.99,19446.95,90764.45
16302,Police Officer,118770.08,12746.72,13487.6,145004.4,20886.36,13890.3,2430.91,37207.57,182211.97
22585,Police Officer,105430.92,27674.47,12264.57,145369.96,19576.71,13890.29,2432.15,35899.15,181269.11
33560,Police Officer,54035.3,0,837.58,54872.88,9637.69,8745.74,4093.77,22477.2,77350.08
39403,Police Officer,69998.3,0,0,69998.3,12531.79,11369.46,5397.77,29299.02,99297.32
54093,Police Officer,85329.06,6555.28,4965.17,96849.51,15689.34,13890.29,2758.59,32338.22,129187.73
10148,Police Officer,15800,4551.76,1817.26,22169.02,2963.84,2057.82,371.96,5393.62,27562.64
7666,Police Officer,40822.3,3.67,927.97,41753.94,7375.62,6687.92,3215.39,17278.93,59032.87
44140,Police Officer,1017.25,0,50.86,1068.11,193.65,167.2,99.16,460.01,1528.12
18690,Police Officer,118780.99,21987.18,21684.8,162452.97,20886.1,13890.29,2723.61,37500,199952.97
34350,Police Officer,118780.96,4504.99,16949.61,140235.56,20886.1,13890.28,2324.79,37101.17,177336.73
26254,Police Officer,27626.5,3422.3,3488.8,34537.6,5182.35,3601.19,579.73,9363.27,43900.87
47056,Police Officer,79556.38,9526.95,9577.4,98660.73,14816.05,12346.91,1654.63,28817.59,127478.32
9350,Police Officer,31877.6,0,0,31877.6,5728.47,5196,2430.62,13355.09,45232.69
31847,Police Officer,60295.3,1287.18,107.27,61689.75,10803.27,9774.65,4179.35,24757.27,86447.02
40654,Police Officer,88104.25,6622.82,7142.87,101869.94,16385.82,13890.3,1707.73,31983.85,133853.79
55682,Police Officer,106032.06,18609.05,7679.26,132320.37,19690.48,13890.28,2218.54,35799.3,168119.67
41213,Police Officer,85329.04,2529.53,4828.01,92686.58,15564.7,13890.29,3813.93,33268.92,125955.5
32030,Police Officer,11175.5,0,0,11175.5,1983.66,1800.59,862.59,4646.84,15822.34
32447,Police Officer,34856.04,12386.81,6392.75,53635.6,6342.28,4115.64,868.58,11326.5,64962.1
20923,Police Officer,118778.69,81.69,861.81,119722.19,20886.12,13890.29,65.34,34841.75,154563.94
26121,Police Officer,110619.48,5914.61,7126.45,123660.54,20532.44,13890.3,2072.56,36495.3,160155.84
33634,Police Officer,54035.3,0,0,54035.3,9637.69,8745.74,4148.72,22532.15,76567.45
26486,Police Officer,84945.68,5998.02,3809.73,94753.43,15699.55,13825.98,1965.63,31491.16,126244.59
23163,Police Officer,11175.5,0,0,11175.5,1983.66,1800.59,867.4,4651.65,15827.15
28611,Police Officer,118778.7,0,851.58,119630.28,20886.15,13890.29,1994.9,36771.34,156401.62
2071,Police Officer,17428.02,5851.33,2086.8,25366.15,3098.32,2057.82,432.86,5589,30955.15
14808,Police Officer,76195.13,5763.73,5782.72,87741.58,14199.12,11832.46,1369.58,27401.16,115142.74
25950,Police Officer,88174.46,29297.02,5343.19,122814.67,16400.49,13890.29,2060.79,32351.57,155166.24
2465,Police Officer,30499.03,6142.35,4209.24,40850.62,5422.06,3601.19,687.02,9710.27,50560.89
50147,Police Officer,75945.32,4237.6,1751.16,81934.08,13717.24,12346.92,4609.42,30673.58,112607.66
16904,Police Officer,110811.48,6076.42,10806.12,127694.02,20568.19,13890.29,2143.03,36601.51,164295.53
19863,Police Officer,118770.06,2813.12,13242.48,134825.66,20886.36,13890.28,2297.06,37073.7,171899.36
53720,Police Officer,88135.24,41023.6,5423.74,134582.58,16443.26,13890.29,2244.84,32578.39,167160.97
8873,Police Officer,30499,11537.43,1139.75,43176.18,5422.06,3601.19,722.83,9746.08,52922.26
26097,Police Officer,116249.54,11164.66,10808.54,138222.74,20437.36,13592.17,2314.29,36343.82,174566.56
53217,Police Officer,11175.5,0,0,11175.5,1983.66,1800.59,836.59,4620.84,15796.34
33393,Police Officer,2504,0,0,2504,453.98,411.56,192.75,1058.29,3562.29
45895,Police Officer,87992.52,16369.12,7447.33,111808.97,16366.82,13877.43,1569.53,31813.78,143622.75
26440,Police Officer,60295.31,1981.9,693.48,62970.69,10803.28,9774.65,4344.99,24922.92,87893.61
36113,Police Officer,85549.07,9390.48,6316.44,101255.99,15907.25,13890.29,1694.92,31492.46,132748.45
56795,Police Officer,118780.97,3915.31,11603.62,134299.9,20886.1,13890.28,2309.77,37086.15,171386.05
8410,Police Officer,11175.5,0,0,11175.5,1983.66,1800.59,861.31,4645.56,15821.06
11445,Police Officer,73949.68,3261.53,1601.51,78812.72,13353.42,12025.39,4552.74,29931.55,108744.27
54075,Police Officer,105528.51,21338.51,12116.32,138983.34,19597.96,13825.98,2327.91,35751.85,174735.19
8331,Police Officer,110777.12,6412.13,9292.94,126482.19,20563.8,13890.28,2122.46,36576.54,163058.73
52804,Police Officer,123597.39,8529.28,4762.34,136889.01,21726.98,13800.27,1855.06,37382.31,174271.32
22711,Police Officer,47400.02,10628.77,3314.76,61343.55,8891.54,6173.46,1007.24,16072.24,77415.79
53870,Police Officer,60295.3,269.41,279.39,60844.1,10803.27,9774.65,4274.81,24852.73,85696.83
47814,Police Officer,60295.3,749.61,608.67,61653.58,10803.27,9774.65,4314.15,24892.07,86545.65
48,Police Officer,110417.07,12305.25,5074.31,127796.63,20496.79,13890.29,2041.16,36428.24,164224.87
48918,Police Officer,54035.3,0,0,54035.3,9637.69,8745.74,4168.38,22551.81,76587.11
36316,Police Officer,15908.3,0,0,15908.3,2834.44,2572.28,1228.34,6635.06,22543.36
12235,Police Officer,87670.72,8033.54,1995.54,97699.8,15478.79,10289.1,1622,27389.89,125089.69
293,Police Officer,85329.05,6160.28,4293.29,95782.62,15564.71,13890.28,3848.13,33303.12,129085.74
17331,Police Officer,85336.93,7721.05,4225.56,97283.54,15564.66,13890.29,3897.76,33352.71,130636.25
10280,Police Officer,97012.07,5780.84,12644.19,115437.1,17798.12,12501.26,2534.97,32834.35,148271.45
10475,Police Officer,85329.05,8323.11,5231.26,98883.42,15826.05,13890.3,1658.47,31374.82,130258.24
48670,Police Officer,66555.32,2169.62,1566.56,70291.5,11968.87,10803.56,4371.03,27143.46,97434.96
35178,Police Officer,118780.96,32721.59,8815.4,160317.95,20886.1,13890.3,2693.95,37470.35,197788.3
22385,Police Officer,91139.24,26490.56,8476.36,126106.16,16944.92,13890.3,2116.25,32951.47,159057.63
33033,Police Officer,5008,0,0,5008,907.95,823.13,385.5,2116.58,7124.58
31643,Police Officer,15800.02,1865.45,1320.41,18985.88,2963.86,2057.82,318.64,5340.32,24326.2
5988,Police Officer,44326,0,0,44326,7878.6,7150.93,3394.22,18423.75,62749.75
12056,Police Officer,73343.08,21012.41,2767.71,97123.2,13673.47,11317.99,1627.45,26618.91,123742.11
47530,Police Officer,10856.2,0,0,10856.2,1926.98,1749.15,836.95,4513.08,15369.28
29543,Police Officer,43179.1,0,0,43179.1,7710.7,6996.59,3335.8,18043.09,61222.19
53702,Police Officer,73288.77,5528.08,6865.47,85682.32,13661.98,11318.02,1434.61,26414.61,112096.93
5979,Police Officer,103313.83,4590.9,3255.63,111160.36,18190.53,12095.68,1877.11,32163.32,143323.68
12702,Police Officer,85336.95,15939.83,8833.2,110109.98,15867.09,13890.29,1837.27,31594.65,141704.63
35079,Police Officer,11175.5,0,0,11175.5,1983.66,1800.59,859.28,4643.53,15819.03
51701,Police Officer,115084.92,11945.09,6683.84,133713.85,20229.94,13454.4,2287.49,35971.83,169685.68
47848,Police Officer,88123.89,11318.25,7092.36,106534.5,16232.56,13890.28,1693.59,31816.43,138350.93
25179,Police Officer,76301.48,18951.85,8131.97,103385.3,14217.31,11832.47,1734.66,27784.44,131169.74
46970,Police Officer,66555.3,838.78,1646.4,69040.48,11968.85,10803.55,4387.27,27159.67,96200.15
21429,Police Officer,44645.3,0,0,44645.3,7935.28,7202.37,3465.19,18602.84,63248.14
5404,Police Officer,75945.31,856.88,421.58,77223.77,13717.23,12346.92,4530.03,30594.18,107817.95
29293,Police Officer,54035.3,0,0,54035.3,9637.69,8745.74,4164.46,22547.89,76583.19
25717,Police Officer,85336.96,11555,6343.84,103235.8,15689.31,13890.29,2864.31,32443.91,135679.71
36237,Police Officer,45082.4,0,616.08,45698.48,8096.12,7343.85,3465.89,18905.86,64604.34
13939,Police Officer,54035.3,0,0,54035.3,9637.69,8745.74,4168.38,22551.81,76587.11
43702,Police Officer,3193,0,0,3193,566.76,514.46,246.22,1327.44,4520.44
25403,Police Officer,29343.75,868.09,4144.99,34356.83,5430.8,4823.01,912.36,11166.17,45523
7157,Police Officer,107714.49,9203.11,11877.8,128795.4,20001.21,13890.28,2161.54,36053.03,164848.43
20703,Police Officer,75945.32,3933.82,2716.55,82595.69,13717.24,12346.92,4592.86,30657.02,113252.71
33046,Police Officer,118770.1,15714.96,12587.5,147072.56,20886.36,13890.3,2466.57,37243.23,184315.79
56702,Police Officer,84945.74,14754.62,7958.52,107658.88,15805.31,13825.98,1796.12,31427.41,139086.29
37169,Police Officer,85329.06,5544.69,3478.78,94352.53,15564.72,13890.29,3842.02,33297.03,127649.56
27313,Police Officer,118762.38,416.62,5595.04,124774.04,21299.71,13889.39,324.36,35513.46,160287.5
50537,Police Officer,93144.06,12468.01,11595.14,117207.21,17090.47,12604.15,2477.49,32172.11,149379.32
42584,Police Officer,24210.1,0,0,24210.1,4308.01,3909.86,1864.89,10082.76,34292.86
18323,Police Officer,106041.92,14941.25,13572,134555.17,19533.52,13890.28,2242.66,35666.46,170221.63
44979,Police Officer,30361,0,0,30361,5504.46,4990.22,2342.09,12836.77,43197.77
14862,Police Officer,15800,2842.15,2348.04,20990.19,2963.84,2057.82,351.03,5372.69,26362.88
44859,Police Officer,115175.57,15030.49,11915.7,142121.76,20247.33,13465.87,2422.7,36135.9,178257.66
39635,Police Officer,54035.3,0,0,54035.3,9637.69,8745.74,4161.54,22544.97,76580.27
20361,Police Officer,118770.09,13491.5,10864.65,143126.24,20886.36,13890.28,2398.45,37175.09,180301.33
29949,Police Officer,96550.11,21873.05,4403.31,122826.47,17023.96,11318.01,2061.6,30403.57,153230.04
2199,Police Officer,75945.31,3048.86,1860.93,80855.1,13717.23,12346.92,4545.88,30610.03,111465.13
51431,Police Officer,124207.17,11111.79,7414.13,142733.09,21833.52,13890.28,2435.73,38159.53,180892.62
56775,Police Officer,85496.94,7676.05,8364.16,101537.15,15751.07,13890.28,1702.12,31343.47,132880.62
18634,Police Officer,106032.04,15375.78,4477.72,125885.54,19690.52,13890.28,1268.11,34848.91,160734.45
7941,Police Officer,79436.88,9570.77,2293.08,91300.73,14806.05,10289.1,812.88,25908.03,117208.76
26940,Police Officer,85329.05,7701.87,3795.25,96826.17,15772.41,13890.28,2000.57,31663.26,128489.43
56449,Police Officer,106011.7,62709.57,2905.13,171626.4,19685.17,13890.3,2832.73,36408.2,208034.6
54836,Police Officer,86749.07,9500.71,9043.8,105293.58,16137.72,13890.29,1762.97,31790.98,137084.56
4894,Police Officer,85336.93,5139.74,6159.25,96635.92,15689.28,13890.29,2736.22,32315.79,128951.71
13478,Police Officer,86716.95,16462.47,8177.38,111356.8,16130.39,13890.28,1858.28,31878.95,143235.75
9655,Police Officer,44645.3,0,0,44645.3,7935.28,7202.37,3438.81,18576.46,63221.76
35651,Police Officer,85336.91,3272.35,4399.21,93008.47,15689.26,13890.29,2691.91,32271.46,125279.93
48110,Police Officer,0,0,11806.34,11806.34,0,0,171.19,171.19,11977.53
18247,Police Officer,74933.53,0,987.52,75921.05,13527.92,12180.63,5819.12,31527.67,107448.72
26804,Police Officer,31506,5466.75,3254.66,40227.41,5910.19,4115.64,674.58,10700.41,50927.82
2075,Police Officer,60295.31,218.27,848.14,61361.72,10803.28,9774.65,4255.37,24833.3,86195.02
5265,Police Officer,86456.97,10803.62,4269.89,101530.48,16083,13890.29,1633.36,31606.65,133137.13
6962,Police Officer,85336.92,12685.69,4580.32,102602.93,15689.27,13890.29,2849.32,32428.88,135031.81
26037,Police Officer,59656.71,550.05,683.5,60890.26,10689.93,9671.76,4295.83,24657.52,85547.78
13635,Police Officer,92463.6,0,2631.89,95095.49,16301.56,10837.9,1620.01,28759.47,123854.96
18308,Police Officer,30565.85,1922.76,2345.79,34834.4,5734.81,4077.06,569.01,10380.88,45215.28
22682,Police Officer,85336.92,5125.46,3191.72,93654.1,15541.65,13890.28,3802.33,33234.26,126888.36
45238,Police Officer,107715.45,24828.95,15083.65,147628.05,20001.31,13890.28,2428.21,36319.8,183947.85
26038,Police Officer,27650.02,1502.86,902.27,30055.15,5186.74,3601.19,498.74,9286.67,39341.82
16279,Police Officer,27556,2715.63,3048.16,33319.79,5169.23,3601.19,555.56,9325.98,42645.77
50705,Police Officer,89878.49,19359.43,6461.27,115699.19,16716.6,13890.28,1931.49,32538.37,148237.56
52533,Police Officer,88025.79,12810.91,8182.69,109019.39,16371.21,13890.29,1828.24,32089.74,141109.13
12892,Police Officer,77301.13,148.13,630.8,78080.06,14409.05,10289.1,672.67,25370.82,103450.88
10290,Police Officer,9579,0,0,9579,1700.28,1543.37,737.94,3981.59,13560.59
36187,Police Officer,75945.33,2318.61,3664.49,81928.43,13717.25,12346.92,4609.56,30673.73,112602.16
23886,Police Officer,90784.39,12010.35,7337.92,110132.66,17050.43,13890.29,1847.04,32787.76,142920.42
54896,Police Officer,85336.91,9420.37,2738.98,97496.26,15564.64,13890.29,3895,33349.93,130846.19
14108,Police Officer,79548.12,8003.34,7460.93,95012.39,14816.12,12346.92,1594.14,28757.18,123769.57
55376,Police Officer,11175.5,0,0,11175.5,1983.66,1800.6,862.59,4646.85,15822.35
31474,Police Officer,84937.81,7411.93,7738.29,100088.03,15752.52,13825.98,1676.7,31255.2,131343.23
9869,Police Officer,0,0,0,0,0,100.62,0,100.62,100.62
45559,Police Officer,19093,0,0,19093,3461.57,3138.18,1472.31,8072.06,27165.06
48471,Police Officer,85329.06,6616.1,3204.44,95149.6,15564.72,13890.29,3855.45,33310.46,128460.06
30119,Police Officer,30915.4,0,0,30915.4,5498.21,4990.22,2385.12,12873.55,43788.95
35803,Police Officer,10329,0,0,10329,1872.65,1697.7,836.84,4407.19,14736.19
10582,Police Officer,60295.31,1202.36,611.16,62108.83,10803.28,9774.65,4134.85,24712.78,86821.61
47860,Police Officer,66555.31,2338.64,2020.58,70914.53,11968.86,10803.56,4436.21,27208.63,98123.16
12449,Police Officer,15800,731.36,459.44,16990.8,2963.84,2057.82,283.62,5305.28,22296.08
47709,Police Officer,118780.95,29093.13,10159.16,158033.24,20886.1,13890.29,2647.37,37423.76,195457
29006,Police Officer,319.3,0,0,319.3,56.68,0,25.29,81.97,401.27
52224,Police Officer,44645.3,0,0,44645.3,7935.28,7202.37,3444.38,18582.03,63227.33
41463,Police Officer,85934.45,24301.38,10357.68,120593.51,15983.29,13761.66,2023.34,31768.29,152361.8
28811,Police Officer,85336.97,15005.52,9507.4,109849.89,15878.86,13890.29,1774.95,31544.1,141393.99
40892,Police Officer,12429,0,0,12429,2206.16,2057.82,953.11,5217.09,17646.09
5294,Police Officer,87672.93,16080.05,12575.55,116328.53,15478.74,10289.1,1984.92,27752.76,144081.29
52380,Police Officer,62164.94,1657.63,331.77,64154.34,11168.5,10096.19,4308.29,25572.98,89727.32
11408,Police Officer,56592.02,2777.4,1643.57,61012.99,10302.96,9260.19,3135.2,22698.35,83711.34
30190,Police Officer,85336.94,11712.79,7871.74,104921.47,15772.37,13890.28,2151.04,31813.69,136735.16
55716,Police Officer,86285.74,14703.32,9406.41,110395.47,16049.56,13825.98,1848.97,31724.51,142119.98
56669,Police Officer,15800.01,661.93,2903.53,19365.47,2963.85,2057.82,317.99,5339.66,24705.13
17529,Police Officer,109049.09,19378.75,11259.33,139687.17,20246.67,13890.29,2339.49,36476.45,176163.62
38761,Police Officer,66555.32,273.15,366.7,67195.17,11968.87,10803.56,4373.51,27145.94,94341.11
18148,Police Officer,118931.36,43950.64,9682.5,172564.5,21329.5,13890.28,463.32,35683.1,208247.6
30525,Police Officer,626,0,0,626,113.49,0,49.58,163.07,789.07
14563,Police Officer,76360.35,16719.56,4440.2,97520.11,14228.27,11832.47,1635.8,27696.54,125216.65
45620,Police Officer,66555.31,1073.9,965.39,68594.6,11968.86,10803.56,4400.19,27172.61,95767.21
27045,Police Officer,87672.97,47481.86,10615.98,145770.81,15478.74,10289.1,2489.52,28257.36,174028.17
9393,Police Officer,118236.29,12661.95,9113.42,140011.66,20789.28,13825.98,1876.18,36491.44,176503.1
51538,Police Officer,15800,9675.99,1059.97,26535.96,2963.84,2057.82,445.56,5467.22,32003.18
48034,Police Officer,47527.6,3.67,927.97,48459.24,8565.81,7768.27,3732.31,20066.39,68525.63
28904,Police Officer,15800,4329.59,2368.1,22497.69,2963.84,2057.82,377.83,5399.49,27897.18
27632,Police Officer,44645.3,0,0,44645.3,7935.28,7202.37,3422.12,18559.77,63205.07
7351,Police Officer,118770.08,4014.7,10384.84,133169.62,20886.36,13890.28,2230.74,37007.38,170177
26389,Police Officer,86676.95,12268.57,6796.12,105741.64,16123.09,13890.28,1760.37,31773.74,137515.38
3140,Police Officer,86669.08,13725.25,7996.26,108390.59,16123.15,13890.29,1815.18,31828.62,140219.21
19760,Police Officer,105585.57,9665.76,9841.97,125093.3,19607.41,13890.28,2048.37,35546.06,160639.36
41955,Police Officer,118780.94,39053.01,25411.89,183245.84,20886.1,13890.29,3015.86,37792.25,221038.09
37081,Police Officer,73151.45,719.61,2980.97,76852.03,13207.92,11896.78,4552.03,29656.73,106508.76
31100,Police Officer,0,0,1766.22,1766.22,0,50.31,25.61,75.92,1842.14
37071,Police Officer,105710.91,0,1063.2,106774.11,19629.19,13890.29,99.14,33618.62,140392.73
25770,Police Officer,75147.07,3380.72,1955.71,80483.5,13571.71,12218.31,4584.97,30374.99,110858.49
52670,Police Officer,118770.11,5419.01,851.58,125040.7,20886.36,13890.29,1100.71,35877.36,160918.06
11777,Police Officer,85329.05,8128.81,4243.82,97701.68,15689.33,13890.29,2752.96,32332.58,130034.26
20794,Police Officer,65616.3,1984.41,1406.92,69007.63,11798.61,10649.22,4347,26794.83,95802.46
19133,Police Officer,75945.3,5438,1880.89,83264.19,13717.22,12346.92,4632.07,30696.21,113960.4
570,Police Officer,79555.49,5878.81,5733.55,91167.85,14816.05,12346.92,1529.34,28692.31,119860.16
34521,Police Officer,84945.67,9047.79,5517,99510.46,15699.54,13825.98,2042.82,31568.34,131078.8
40466,Police Officer,8607.5,0,4212.78,12820.28,1571.81,1414.75,843.88,3830.44,16650.72
53304,Police Officer,66555.32,98.53,1875.9,68529.75,11968.87,10803.56,4423.01,27195.44,95725.19
12503,Police Officer,61008.95,23760.7,1984.05,86753.7,10843.86,7202.37,1460.92,19507.15,106260.85
45588,Police Officer,39986.1,0,0,39986.1,7143.94,6482.14,3079.2,16705.28,56691.38
6616,Police Officer,87606.65,13384.51,7456.77,108447.93,16294.08,13825.99,1816.14,31936.21,140384.14
24757,Police Officer,35066.3,0,5067,40133.3,6235,5659.01,3114.99,15009,55142.3
29845,Police Officer,118780.98,15608.86,15712.26,150102.1,20886.1,13890.29,2562.05,37338.44,187440.54
8350,Police Officer,11175.5,0,0,11175.5,1983.66,1800.59,861.31,4645.56,15821.06
10955,Police Officer,84937.83,16207.91,9069.98,110215.72,15752.54,13825.99,1848.42,31426.95,141642.67
14221,Police Officer,44326,0,0,44326,7878.6,7150.93,3414.02,18443.55,62769.55
16466,Police Officer,11175.5,0,0,11175.5,1983.66,1800.59,850.44,4634.69,15810.19
42509,Police Officer,88115.58,8658.12,8072.5,104846.2,16389.53,13890.28,1759.28,32039.09,136885.29
33072,Police Officer,107656.58,28115.23,14840.19,150612,19992.47,13890.28,2520.19,36402.94,187014.94
43849,Police Officer,2504,0,0,2504,453.98,411.56,191.16,1056.7,3560.7
42391,Police Officer,85336.94,10650.96,5303.96,101291.86,15867.09,13890.29,1695.52,31452.9,132744.76
27395,Police Officer,44645.3,0,0,44645.3,7935.28,7202.37,3422.12,18559.77,63205.07
21941,Police Officer,118780.97,8470.7,5333.23,132584.9,20886.1,13890.29,2157.65,36934.04,169518.94
36515,Police Officer,56334.9,0,562.64,56897.54,10113.11,7202.38,4310.75,21626.24,78523.78
28924,Police Officer,109441.07,16240.25,4829.24,130510.56,20318.14,13890.29,2318.63,36527.06,167037.62
9399,Police Officer,118770.01,4991.14,6213.57,129974.72,20886.37,13890.29,1261.32,36037.98,166012.7
53535,Police Officer,118770.08,39143.09,9136.71,167049.88,20886.36,13890.29,2838.81,37615.46,204665.34
8843,Police Officer,44645.3,0,0,44645.3,7935.28,7202.38,3422.12,18559.78,63205.08
17631,Police Officer,118780.96,11180.03,6847.66,136808.65,20737.29,13890.29,1756.24,36383.82,173192.47
50860,Police Officer,51810.39,55.47,3649.5,55515.36,9429.78,8488.51,3188.79,21107.08,76622.44
12190,Police Officer,86649.1,6745.94,8608.12,102003.16,16119.52,13890.29,1707.51,31717.32,133720.48
52387,Police Officer,75945.34,1140,3345.19,80430.53,13717.26,12346.92,4380.61,30444.79,110875.32
37275,Police Officer,118779.81,1299.42,8526.76,128605.99,20886.12,13890.29,1442.26,36218.67,164824.66
49014,Police Officer,86716.92,12522.47,10861.41,110100.8,16130.38,13890.28,1837.11,31857.77,141958.57
2931,Police Officer,73560.13,4825.12,4511.15,82896.4,13711.46,11318.01,1348.24,26377.71,109274.11
19691,Police Officer,2872,0,0,2872,509.78,514.46,221.32,1245.56,4117.56
35240,Police Officer,66555.32,1824.75,1569.07,69949.14,11968.87,10803.56,4419.92,27192.35,97141.49
42110,Police Officer,65757.06,2578.11,1975.68,70310.85,11823.33,10674.95,4426.03,26924.31,97235.16
48912,Police Officer,73476.59,21883.51,5865.15,101225.25,13696.23,11318.02,1696.6,26710.85,127936.1
21711,Police Officer,107642.97,12989.31,13736.77,134369.05,19988.01,13890.29,2243.61,36121.91,170490.96
19925,Police Officer,86589.12,6136.55,5221.65,97947.32,16108.59,13890.28,1590.79,31589.66,129536.98
24568,Police Officer,76445.63,5654.76,4575.76,86676.15,14244.8,11832.47,1450.92,27528.19,114204.34
30406,Police Officer,85329.06,8753.69,4646.83,98729.58,15541.72,13890.29,3922.12,33354.13,132083.71
39783,Police Officer,109539.06,26994.05,12383.45,148916.56,20335.99,13890.3,2491.62,36717.91,185634.47
49524,Police Officer,85336.98,8095.19,8877.68,102309.85,15826.02,13890.29,1699.79,31416.1,133725.95
19531,Police Officer,85329.04,10476.67,5159.46,100965.17,15772.4,13890.29,1989.43,31652.12,132617.29
41682,Police Officer,85329.07,4482.11,3462.57,93273.75,15689.35,13890.29,2719.34,32298.98,125572.73
37752,Police Officer,85329.06,7429.22,3753.88,96512.16,15760.92,13890.28,1995.26,31646.46,128158.62
41860,Police Officer,25040,4417.46,1012.35,30469.81,4629.88,4115.64,887.56,9633.08,40102.89
45585,Police Officer,64160.57,1120.04,888.06,66168.67,11532.3,10417.72,4329.31,26279.33,92448
40213,Police Officer,11175.5,0,0,11175.5,1983.66,1800.59,923.76,4708.01,15883.51
45152,Police Officer,88194.12,26913.55,8081.65,123189.32,16404.14,13890.29,2064.62,32359.05,155548.37
42079,Police Officer,11175.5,0,0,11175.5,1983.66,1800.59,867.41,4651.66,15827.16
11606,Police Officer,117659.09,59592.03,9671.42,186922.54,20693.24,13761.68,3192.05,37646.97,224569.51
10857,Police Officer,85336.93,2814,4584.04,92734.97,15825.99,13890.29,1513.72,31230,123964.97
21230,Police Officer,60295.31,338.63,19.96,60653.9,10803.28,9774.65,4271.6,24849.53,85503.43
17951,Police Officer,15800.01,10611,2976.34,29387.35,2963.85,2057.82,486.43,5508.1,34895.45
962,Police Officer,75945.32,2168.99,3497.35,81611.66,13717.24,12346.92,4596.48,30660.64,112272.3
42283,Police Officer,11175.5,0,0,11175.5,1983.66,1800.59,867.4,4651.65,15827.15
27435,Police Officer,85336.92,8158,5690.99,99185.91,15689.27,13890.29,2998.78,32578.34,131764.25
54214,Police Officer,109426.45,29478.21,9218.46,148123.12,20313.58,13890.3,2487.37,36691.25,184814.37
21169,Police Officer,85336.93,3847.91,6713.93,95898.77,15631.78,13890.28,2740.63,32262.69,128161.46
52929,Police Officer,85337,9924.15,10295.39,105556.54,15826.06,13890.29,1769.87,31486.22,137042.76
11653,Police Officer,88104.23,6872.32,9430.59,104407.14,16385.81,13890.28,1748.03,32024.12,136431.26
28097,Police Officer,8607.5,641.89,6647.36,15896.75,1601.85,1414.76,256.31,3272.92,19169.67
27325,Police Officer,149167.7,3716.22,6568.67,159452.59,27896.72,13890.28,2673.49,44460.49,203913.08
51336,Police Officer,85329.06,6040.82,5149.28,96519.16,15631.84,13890.29,2753.03,32275.16,128794.32
39450,Police Officer,86676.97,8183.01,6710.55,101570.53,16123.09,13890.3,1693.34,31706.73,133277.26
29518,Police Officer,44639.01,0,0,44639.01,7935.35,7202.37,3464.71,18602.43,63241.44
5378,Police Officer,11206.51,0,0,11206.51,1989.16,1810.24,864.99,4664.39,15870.9
12152,Police Officer,118770.04,4020.01,14045.79,136835.84,20886.36,13890.29,2283.38,37060.03,173895.87
26185,Police Officer,118770.07,11893.6,7430.7,138094.37,20886.36,13890.28,2362.95,37139.59,175233.96
17742,Police Officer,4695,0,0,4695,851.2,771.68,364.22,1987.1,6682.1
13534,Police Officer,118778.7,34607.37,2899.93,156286,20886.15,13890.29,2666.2,37442.64,193728.64
28444,Police Officer,84945.7,5492.63,6430.69,96869.02,15793.55,13825.98,1623.45,31242.98,128112
6412,Police Officer,86716.95,5332.77,6808.9,98858.62,16130.39,13890.29,1642.67,31663.35,130521.97
17776,Police Officer,34856.02,8322.57,532.32,43710.91,6196.64,4115.65,748.34,11060.63,54771.54
1467,Police Officer,80640.33,1293.43,2740.09,84673.85,14579.09,13118.6,5550.02,33247.71,117921.56
38106,Police Officer,75945.32,1443.66,1030.25,78419.23,13717.24,12346.92,4550.41,30614.57,109033.8
26305,Police Officer,75945.34,2856.19,3367.63,82169.16,13717.26,12346.92,4606.75,30670.93,112840.09
3739,Police Officer,118223.22,24898.19,4116.76,147238.17,20789.59,13825.99,2511.98,37127.56,184365.73
56604,Police Officer,87672.96,17506.48,8271.88,113451.32,15478.74,10289.1,1898.03,27665.87,141117.19
49386,Police Officer,86696.94,7042.8,10739.06,104478.8,16126.74,13890.28,1751.71,31768.73,136247.53
16896,Police Officer,15776.5,4494.69,3010.35,23281.54,2959.47,2057.82,389.66,5406.95,28688.49
49643,Police Officer,85329.02,10085.73,4426.37,99841.12,15564.68,13890.29,3934.52,33389.49,133230.61
18394,Police Officer,75945.32,3172.98,3110.69,82228.99,13717.24,12346.92,4607.12,30671.28,112900.27
28405,Police Officer,89857.66,10032.16,9189.39,109079.21,16712.79,13890.29,1826.78,32429.86,141509.07
50544,Police Officer,85329.03,22119.76,2869.92,110318.71,15772.39,13890.29,2067.23,31729.91,142048.62
28962,Police Officer,86536.92,5626.42,3894.43,96057.77,15760.4,13890.29,3877.1,33527.79,129585.56
34195,Police Officer,65303.3,92.3,356.73,65752.33,11741.86,10597.78,4273.12,26612.76,92365.09
3132,Police Officer,85536.94,31071.05,10745.29,127353.28,15903.55,13890.28,2069.47,31863.3,159216.58
15187,Police Officer,1881,0,0,1881,341.03,257.23,146,744.26,2625.26
31800,Police Officer,118780.96,0,5001.52,123782.48,20886.1,13890.29,2063.92,36840.31,160622.79
33052,Police Officer,21518.75,213.97,58.69,21791.41,3914.5,3536.88,1444.55,8895.93,30687.34
28721,Police Officer,75945.31,824.38,1853.44,78623.13,13717.23,12346.92,4553.84,30617.99,109241.12
43724,Police Officer,85336.97,6885.14,6829.43,99051.54,15689.31,13890.29,2793.78,32373.38,131424.92
9566,Police Officer,105642.43,19365.61,11104.29,136112.33,19592.58,13890.28,2275.57,35758.43,171870.76
27230,Police Officer,76600.65,8417.38,8710.58,93728.61,14453.23,11826.04,1528.6,27807.87,121536.48
48082,Police Officer,44326,0,0,44326,7878.6,7150.93,3419.59,18449.12,62775.12
25636,Police Officer,118780.94,16536.84,7506.8,142824.58,20886.1,13890.29,2439.73,37216.12,180040.7
55124,Police Officer,86716.95,13771.13,9537.99,110026.07,16130.38,13890.28,1842.74,31863.4,141889.47
1201,Police Officer,85336.91,10079.98,3250.58,98667.47,15564.64,13890.29,3674.43,33129.36,131796.83
51665,Police Officer,53711.88,10408.22,1893.61,66013.71,10076.02,7202.38,1107.86,18386.26,84399.97
22325,Police Officer,11175.5,0,0,11175.5,1983.66,1800.59,861.87,4646.12,15821.62
36629,Police Officer,118770.09,0,6946.57,125716.66,20886.36,13890.28,2082.68,36859.32,162575.98
19632,Police Officer,75945.31,2067.89,2025.58,80038.78,13717.23,12346.92,4577.71,30641.86,110680.64
5063,Police Officer,66555.31,724.66,239.48,67519.45,11968.86,10803.56,4371.75,27144.17,94663.62
16738,Police Officer,45802,6867.84,5625.87,58295.71,8594.19,6173.46,977.39,15745.04,74040.75
11613,Police Officer,27485.5,8787.81,3306.05,39579.36,5156.11,3601.16,654.4,9411.67,48991.03
13724,Police Officer,89782.36,8300,9362,107444.36,16697.5,13890.29,1799.23,32387.02,139831.38
3312,Police Officer,11175.5,0,0,11175.5,1983.66,1800.59,862.59,4646.84,15822.34
29792,Police Officer,77038.33,11597.56,8548.69,97184.58,14351.3,11832.47,1630.15,27813.92,124998.5
17571,Police Officer,118770.1,16406.68,24610.4,159787.18,20886.36,13890.29,2686.52,37463.17,197250.35
17826,Police Officer,88143.5,10839.47,6934.97,105917.94,16393.11,13890.28,1773.49,32056.88,137974.82
38635,Police Officer,106055.55,15738.64,9406.92,131201.11,19929.64,13890.28,2151.32,35971.24,167172.35
21746,Police Officer,87672.93,10517.2,10565.75,108755.88,15478.74,10289.1,1785.73,27553.57,136309.45
24948,Police Officer,105797.07,2036.73,5429.02,113262.82,19646.78,13890.28,1836.67,35373.73,148636.55
52180,Police Officer,104440.22,18916.18,10079.64,133436.04,19392.24,13825.99,2239.81,35458.04,168894.08
1836,Police Officer,84937.81,6945.49,6104.15,97987.45,15752.52,13825.98,1642.29,31220.79,129208.24
36085,Police Officer,79155.58,9976.98,7421.01,96553.57,14743.08,12346.93,1610.85,28700.86,125254.43
51789,Police Officer,118780.94,10729.7,7158.64,136669.28,20886.1,13890.29,2335.91,37112.3,173781.58
33825,Police Officer,60295.3,944.19,244.46,61483.95,10803.27,9774.65,4138.12,24716.04,86199.99
32501,Police Officer,45184.91,4667.5,2569.85,52422.26,8312.08,7421.02,2008.41,17741.51,70163.77
54508,Police Officer,118780.95,21454.54,13260.8,153496.29,20886.1,13890.27,2611.07,37387.44,190883.73
3486,Police Officer,11175.5,0,0,11175.5,1983.66,1800.59,867.4,4651.65,15827.15
35470,Police Officer,105444.31,29243.35,7769.31,142456.97,19579.65,13825.99,2403.33,35808.97,178265.94
14594,Police Officer,75945.33,2013.11,3222.96,81181.4,13717.25,12346.92,4596.74,30660.91,111842.31
54951,Police Officer,88076.32,7667.9,7003.06,102747.28,16382.23,13890.28,1720.06,31992.57,134739.85
21327,Police Officer,45144.02,10101.59,4722.43,59968.04,8471.76,6173.46,999.61,15644.83,75612.87
46428,Police Officer,11175.5,0,0,11175.5,1983.66,1800.59,827.75,4612,15787.5
41750,Police Officer,15800,4000.92,1675.32,21476.24,2963.84,2057.82,350.81,5372.47,26848.71
45444,Police Officer,30499.04,7134.59,2368.56,40002.19,5422.06,3601.19,671.84,9695.09,49697.28
49980,Police Officer,85556.98,21668.84,6302.41,113528.23,15762.04,13890.28,1904.25,31556.57,145084.8
20524,Police Officer,88123.91,5856.34,5066.84,99047.09,16389.46,13890.29,1647.53,31927.28,130974.37
23092,Police Officer,17428.03,7965.14,2011.92,27405.09,3098.32,2057.82,453.02,5609.16,33014.25
25037,Police Officer,107681.08,37063.89,4783.89,149528.86,19996.93,13890.28,2508.6,36395.81,185924.67
50481,Police Officer,44326,0,0,44326,7878.6,7150.93,3414.02,18443.55,62769.55
8617,Police Officer,85329.08,11486.11,4598.33,101413.52,15760.94,13890.29,2068.17,31719.4,133132.92
47156,Police Officer,70937.3,0,62.6,70999.9,12713.38,11523.8,5438.44,29675.62,100675.52
17512,Police Officer,69998.3,0,0,69998.3,12531.79,11369.46,5388.54,29289.79,99288.09
1477,Police Officer,66555.3,996.56,868.1,68419.96,11968.85,10803.56,4369.86,27142.27,95562.23
53850,Police Officer,85336.95,8238.12,8655.95,102231.02,15867.1,13890.29,1711.35,31468.74,133699.76
52102,Police Officer,75945.33,2115.92,3200.48,81261.73,13717.25,12346.92,4539.78,30603.95,111865.68
12669,Police Officer,44645.3,0,0,44645.3,7935.28,7202.37,3438.81,18576.46,63221.76
43848,Police Officer,44645.3,0,0,44645.3,7935.28,7202.37,3444.38,18582.03,63227.33
46013,Police Officer,86636.95,7822.8,4707.18,99166.93,16115.8,13890.28,1594.36,31600.44,130767.37
17689,Police Officer,30096,10210.32,3435.36,43741.68,5647.84,4115.64,714.63,10478.11,54219.79
55075,Police Officer,85329.05,15578.51,5740.91,106648.47,15689.33,13890.28,2934.51,32514.12,139162.59
44039,Police Officer,118780.98,42305.66,9807.59,170894.23,20886.1,13890.29,2924.06,37700.45,208594.68
41926,Police Officer,105827.42,2119.07,4209.41,112155.9,19651.92,13845.27,1031.06,34528.25,146684.15
36780,Police Officer,60295.3,1532.27,717.98,62545.55,10803.27,9774.65,4404.79,24982.71,87528.26
44870,Police Officer,85329.03,5371.85,4496.98,95197.86,15564.69,13890.29,3862.6,33317.58,128515.44
235,Police Officer,38582.9,0,0,38582.9,6918.66,6276.36,2871.43,16066.45,54649.35
9760,Police Officer,7199,0,0,7199,1305.18,1183.24,555.56,3043.98,10242.98
56700,Police Officer,89886.76,28488.3,5092.27,123467.33,16716.53,13890.29,2071.78,32678.6,156145.93
369,Police Officer,86749.08,9498.35,9025.52,105272.95,16137.75,13890.28,1761.63,31789.66,137062.61
21494,Police Officer,12312.5,0,0,12312.5,2185.48,2057.82,914.57,5157.87,17470.37
9123,Police Officer,85336.94,5394.39,6227.23,96958.56,15826,13890.29,1571.1,31287.39,128245.95
54648,Police Officer,85336.95,9013.36,9048.6,103398.91,15867.1,13890.29,1733.5,31490.89,134889.8
55930,Police Officer,66555.32,1181.15,1294.68,69031.15,11968.87,10803.56,4404.46,27176.89,96208.04
15887,Police Officer,35385.6,0,0,35385.6,6291.68,5710.45,2711.33,14713.46,50099.06
5503,Police Officer,118780.89,13471.69,8617.34,140869.92,21534.01,13890.3,3841.67,39265.98,180135.9
55223,Police Officer,96560.93,5870.02,5112.15,107543.1,17023.7,11318.01,1831.16,30172.87,137715.97
50004,Police Officer,86749.08,15775.33,8510.87,111035.28,16137.74,13890.29,1794.41,31822.44,142857.72
11238,Police Officer,85329.04,11419.47,6312.17,103060.68,15826.04,13890.29,1727.8,31444.13,134504.81
35335,Police Officer,44645.3,0,0,44645.3,7935.28,7202.37,3438.81,18576.46,63221.76
5615,Police Officer,44645.3,0,0,44645.3,7935.28,7202.37,3438.81,18576.46,63221.76
48934,Police Officer,44645.3,0,0,44645.3,7935.28,7202.37,3293.41,18431.06,63076.36
43486,Police Officer,106008.57,27096.77,9771.86,142877.2,19686.11,13890.28,2396.48,35972.87,178850.07
56718,Police Officer,15800,4834.13,2872.65,23506.78,2963.84,2057.82,394.84,5416.5,28923.28
28204,Police Officer,30087.8,0,0,30087.8,5386.99,4887.32,2315.89,12590.2,42678
28616,Police Officer,85329.05,11137.98,7070.58,103537.61,15772.41,13890.29,2110.7,31773.4,135311.01
32125,Police Officer,118770,0,851.58,119621.58,20886.36,13890.29,2023.55,36800.2,156421.78
51471,Police Officer,66555.31,1342.06,1963.21,69860.58,11968.86,10803.56,4421.52,27193.94,97054.52
18535,Police Officer,86749.04,10017.44,5524.1,102290.58,16137.73,13890.28,1715.9,31743.91,134034.49
22024,Police Officer,12520.01,442.61,6394.35,19356.97,2329.96,2057.82,310.99,4698.77,24055.74
41285,Police Officer,88154.86,10923.64,5717.87,104796.37,16396.84,13890.29,1757.07,32044.2,136840.57
11702,Police Officer,90064.6,13377.79,8526.61,111969,16749.56,13890.28,1877.97,32517.81,144486.81
54421,Police Officer,17428,7980.46,793.33,26201.79,3098.32,2057.82,439.48,5595.62,31797.41
21816,Police Officer,79292.96,5205.78,3405.43,87904.17,14768.64,12346.92,1465.06,28580.62,116484.79
43409,Police Officer,76474.03,11052.61,5935.7,93462.34,14253,11318.01,1383.72,26954.73,120417.07
35694,Police Officer,85336.92,5638.3,8227.09,99202.31,15867.07,13890.28,1660.3,31417.65,130619.96
28308,Police Officer,15800,3840.45,126.16,19766.61,2963.84,2057.82,324.26,5345.92,25112.53
4527,Police Officer,71812.15,0,508.58,72320.73,12916.64,11667.59,5562.7,30146.93,102467.66
10670,Police Officer,11651.03,0,0,11651.03,2068.07,1948.5,904.31,4920.88,16571.91
48849,Police Officer,85336.97,16599.3,11379.06,113315.33,15867.12,13890.29,1900.65,31658.06,144973.39
22090,Police Officer,88143.47,6786.35,10006.22,104936.04,16393.12,13890.28,1756.94,32040.34,136976.38
8160,Police Officer,85329.06,6540.88,5773.72,97643.66,15564.72,13890.28,3897.48,33352.48,130996.14
41021,Police Officer,75945.32,2907.38,2594.33,81447.03,13717.24,12346.92,4573.27,30637.43,112084.46
23448,Police Officer,30096,7141.94,3397.12,40635.06,5647.84,4115.64,682.16,10445.64,51080.7
31688,Police Officer,72528.09,7207.49,5154.35,84889.93,13664.55,11318,1412.02,26394.57,111284.5
31810,Police Officer,106055.59,33847.23,5305.25,145208.07,19694.86,13890.28,2566.38,36151.52,181359.59
37591,Police Officer,60295.31,1137.51,875.59,62308.41,10803.28,9774.65,4335.24,24913.17,87221.58
1186,Police Officer,37168.75,2964.95,469.5,40603.2,6826.95,6109.16,1730.28,14666.39,55269.59
26587,Police Officer,84937.79,8487.46,4732.27,98157.52,15491.88,13825.98,3893.27,33211.13,131368.65
9249,Police Officer,73510.11,7906.87,7002.75,88419.73,13703.92,11318.01,1480.75,26502.68,114922.41
44444,Police Officer,92452.91,3686.17,3849.94,99989.02,17196.32,11832.47,914.91,29943.7,129932.72
21143,Police Officer,118642.08,5466.44,10006.7,134115.22,20861.96,13874.21,2294.65,37030.82,171146.04
35016,Police Officer,85329.06,21840.08,8448.7,115617.84,15826.06,13890.29,1939.47,31655.82,147273.66
37147,Police Officer,107409.9,15693.05,8050.43,131153.38,19946.33,13861.35,2150.51,35958.19,167111.57
46547,Police Officer,27650,3716.24,1350.23,32716.47,5186.72,3601.18,526.95,9314.85,42031.32
19050,Police Officer,85329.04,6479.23,4423.28,96231.55,15689.32,13890.28,2741.92,32321.52,128553.07
12189,Police Officer,11464.95,0,0,11464.95,2035.04,1890.62,889.87,4815.53,16280.48
45329,Police Officer,116555.89,8986.76,8841.21,134383.86,20501.47,13633.95,2286.65,36422.07,170805.93
7601,Police Officer,107704.6,14303.75,4944.57,126952.92,20001.3,13890.29,2121.19,36012.78,162965.7
28900,Police Officer,118781,26973.71,7452.34,153207.05,20886.1,13890.29,2457.15,37233.54,190440.59
19184,Police Officer,110801.09,47337.41,9653.09,167791.59,20568.28,13890.28,2811.92,37270.48,205062.07
29412,Police Officer,85336.93,3220.99,4132.4,92690.32,15564.66,13890.29,3844.76,33299.71,125990.03
44833,Police Officer,27579.5,11275.54,3139.19,41994.23,5173.6,3601.19,705.42,9480.21,51474.44
39777,Police Officer,15800,3629.06,2959.07,22388.13,2963.84,2057.82,374.6,5396.26,27784.39
33027,Police Officer,75945.32,2191.44,2301.22,80437.98,13717.24,12346.92,4576.69,30640.85,111078.83
31990,Police Officer,88025.78,16128.28,3625.52,107779.58,16371.21,13890.3,1807.34,32068.85,139848.43
36459,Police Officer,11175.5,0,0,11175.5,1983.66,1800.59,861.87,4646.12,15821.62
5392,Police Officer,60295.31,2836.91,17.46,63149.68,10803.28,9774.65,4316.78,24894.71,88044.39
48089,Police Officer,60295.31,1224.82,845.65,62365.78,10803.28,9774.65,4359.5,24937.43,87303.21
29323,Police Officer,85336.98,8353.28,9638.85,103329.11,15867.13,13890.28,1664.52,31421.93,134751.04
25583,Police Officer,23571.51,0,0,23571.51,4194.65,3806.97,1829.53,9831.15,33402.66
55824,Police Officer,118780.96,63670.26,13202.7,195653.92,20886.1,13890.28,3339.24,38115.62,233769.54
3659,Police Officer,85329.04,9528.22,7769.86,102627.12,15837.09,13890.28,2100.48,31827.85,134454.97
9581,Police Officer,85336.91,3825.58,3152.74,92315.23,15564.64,13890.29,3838.22,33293.15,125608.38
22394,Police Officer,86729.05,5294.98,7546.25,99570.28,16134.08,13890.28,1668.98,31693.34,131263.62
36312,Police Officer,104997.6,17966.21,10057.11,133020.92,19496.51,13761.68,2224.35,35482.54,168503.46
89,Police Officer,15800,6000.62,10009.18,31809.8,2963.84,2057.82,517.01,5538.67,37348.47
20482,Police Officer,118548.72,0,1775.39,120324.11,20846.17,13863.66,2006.84,36716.67,157040.78
24938,Police Officer,109882.08,32847.24,8782.22,151511.54,19341.4,12861.38,2573.89,34776.67,186288.21
3518,Police Officer,89541.96,11869.12,6597.06,108008.14,16496.14,13890.28,1811.19,32197.61,140205.75
45867,Police Officer,85336.94,6533.15,6502.44,98372.53,15760.87,13890.28,2110.57,31761.72,130134.25
22532,Police Officer,85336.91,6950.07,3576.79,95863.77,15564.64,13890.29,3867.48,33322.41,129186.18
45786,Police Officer,85329.04,6204.34,5906.89,97440.27,15564.7,13890.28,3900.39,33355.37,130795.64
4765,Police Officer,42418.8,0,538.82,42957.62,7659,6945.14,3312.78,17916.92,60874.54
27135,Police Officer,118603.44,33935.4,5544.71,158083.55,20857.39,13871,2655.34,37383.73,195467.28
2453,Police Officer,118780.95,8117.06,4582.29,131480.3,20886.1,13890.28,2046.09,36822.47,168302.77
24882,Police Officer,44326,0,0,44326,7878.6,7150.93,3070.62,18100.15,62426.15
55593,Police Officer,53467,20363.62,3595.19,77425.81,10032.38,7202.37,1300.22,18534.97,95960.78
17368,Police Officer,105021.55,64557.45,17293.49,186872.49,19503.29,13845.27,3041.14,36389.7,223262.19
29914,Police Officer,41081.25,5237.23,728.71,47047.19,7555.06,6752.22,1854.65,16161.93,63209.12
31392,Police Officer,88123.84,22644.94,10716.5,121485.28,16439.55,13890.29,2038.37,32368.21,153853.49
47205,Police Officer,56641.08,19281.44,7597.39,83519.91,10069.54,6687.92,1400.2,18157.66,101677.57
10422,Police Officer,44326,0,0,44326,7878.6,7150.93,3419.59,18449.12,62775.12
50246,Police Officer,66555.31,2329.28,2210.17,71094.76,11968.86,10803.56,4437.65,27210.07,98304.83
35819,Police Officer,105448.98,8200.59,5730.64,119380.21,18568.66,12346.92,2042.77,32958.35,152338.56
3046,Police Officer,87662.05,24767.06,7285.81,119714.92,15479,10289.1,2005.73,27773.83,147488.75
54990,Police Officer,86749.07,26919.11,7147.62,120815.8,16137.73,13890.28,2024.67,32052.68,152868.48
34952,Police Officer,85329.04,6973.4,6140.42,98442.86,15760.9,13890.28,2126.95,31778.13,130220.99
13864,Police Officer,72964.04,1848.5,7396.74,82209.28,13411.42,11896.79,2494.71,27802.92,110012.2
46400,Police Officer,66555.33,1757.41,2092.93,70405.67,11968.88,10803.56,4420.4,27192.84,97598.51
33968,Police Officer,77782.03,7486.51,9696.62,94965.16,14500.06,10289.1,1593.22,26382.38,121347.54
2084,Police Officer,114674.39,47472.89,9510.59,171657.87,21280.69,13890.29,2809.28,37980.26,209638.13
23774,Police Officer,44645.3,0,0,44645.3,7935.28,7202.38,3419.01,18556.67,63201.97
3557,Police Officer,90387.75,7790.1,9427.98,107605.83,16807.88,13890.28,1804.42,32502.58,140108.41
32763,Police Officer,60295.3,878.08,217.02,61390.4,10803.27,9774.65,4265.13,24843.05,86233.45
13800,Police Officer,115817.9,9429.57,9242.48,134489.95,20378.4,13551.58,2456.32,36386.3,170876.25
710,Police Officer,81322.34,7610.06,8664.72,97597.12,15136.07,13182.9,1608.79,29927.76,127524.88
4589,Police Officer,50213.89,5391.46,4156.52,59761.87,9321.63,8231.29,2142.04,19694.96,79456.83
4464,Police Officer,11175.5,0,0,11175.5,1983.66,1800.59,862.59,4646.84,15822.34
26751,Police Officer,75945.33,2364.12,3035.87,81345.32,13717.25,12346.92,4592.22,30656.39,112001.71
6510,Police Officer,16227.6,0,0,16227.6,2891.12,2623.72,1249.38,6764.22,22991.82
31549,Police Officer,86736.95,18857.76,5332.33,110927.04,16163.37,13890.28,1857.63,31911.28,142838.32
9079,Police Officer,36667.1,0,0,36667.1,6578.6,5967.68,2828.35,15374.63,52041.73
5506,Police Officer,86596.96,16007.14,10198.37,112802.47,16108.52,13890.28,1824.21,31823.01,144625.48
55912,Police Officer,11175.5,0,0,11175.5,1983.66,1800.59,863.15,4647.4,15822.9
25675,Police Officer,118780.95,13929.33,19588.22,152298.5,20886.1,13890.29,2556.17,37332.56,189631.06
55834,Police Officer,66555.33,2013.71,2072.96,70642,11968.88,10803.56,4431.62,27204.06,97846.06
26035,Police Officer,89886.72,7468.63,5609.38,102964.73,16716.53,13890.28,1723.71,32330.52,135295.25
51879,Police Officer,54035.3,0,0,54035.3,9637.69,8745.74,4140.99,22524.42,76559.72
26728,Police Officer,96550.08,22918.85,7492.77,126961.7,17023.96,11318.01,2164.78,30506.75,157468.45
55484,Police Officer,44645.3,0,0,44645.3,7935.28,7202.37,3444.38,18582.03,63227.33
11730,Police Officer,50616.67,0,0,50616.67,9070.11,8227.81,3789.94,21087.86,71704.53
43668,Police Officer,60295.31,2396,241.97,62933.28,10803.28,9774.65,4278.77,24856.7,87789.98
45703,Police Officer,17635.1,0,0,17635.1,3176.62,2880.95,1358.63,7416.2,25051.3
53547,Police Officer,11175.5,0,0,11175.5,1983.66,1800.59,862.59,4646.84,15822.34
31877,Police Officer,86709.05,64534.07,2881.12,154124.24,16130.44,13890.29,2589.61,32610.34,186734.58
19269,Police Officer,54035.3,0,0,54035.3,9637.69,8745.74,4168.38,22551.81,76587.11
10897,Police Officer,85074.69,39083.65,14311.63,138469.97,15829.03,12861.38,2180.5,30870.91,169340.88
57000,Police Officer,60295.3,4.99,9.98,60310.27,10803.27,9774.65,4265.8,24843.72,85153.99
20690,Police Officer,60295.31,694.1,695.97,61685.38,10803.28,9774.65,4321.74,24899.67,86585.05
5177,Police Officer,106041.97,58966.99,8031.72,173040.68,19690.4,13890.29,2856.56,36437.25,209477.93
23326,Police Officer,85336.95,12772.8,6738.52,104848.27,15772.38,13890.29,2073.53,31736.2,136584.47
46589,Police Officer,85329.07,10122.38,10264.87,105716.32,15826.07,13890.29,1721.75,31438.11,137154.43
49949,Police Officer,105449,70690.32,13638,189777.32,18568.66,12346.92,3238.74,34154.32,223931.64
4419,Police Officer,118780.98,24900.9,12575.05,156256.93,20886.1,13890.3,2664.68,37441.08,193698.01
9940,Police Officer,117691.73,12763.82,10450.14,140905.69,20692.45,13761.67,2349.17,36803.29,177708.98
8636,Police Officer,28999.6,0,0,28999.6,5158.16,4681.54,2236.43,12076.13,41075.73
20556,Police Officer,86729.04,11424.67,3714.77,101868.48,16134.08,13890.28,1707.38,31731.74,133600.22
13166,Police Officer,115966.18,4753.1,5798.47,126517.75,20396.26,13564.12,2164.12,36124.5,162642.25
31720,Police Officer,97802.05,4021.63,5996.57,107820.25,17945.14,12604.15,2381.94,32931.23,140751.48
28217,Police Officer,118339.32,4608.68,15280.26,138228.26,20809.33,13839.16,2239.77,36888.26,175116.52
5947,Police Officer,79221.03,11865.71,7457.16,98543.9,14754.36,12295.48,1652.72,28702.56,127246.46
11442,Police Officer,86337.61,8151.27,8915.02,103403.9,16065.35,13375.83,1731.55,31172.73,134576.63
20171,Police Officer,118225.46,37507.23,13811.58,169544.27,20789.54,13825.99,2852.55,37468.08,207012.35
14330,Police Officer,4695,0,0,4695,851.2,771.68,362.81,1985.69,6680.69
221,Police Officer,88182.74,5537.81,7614.27,101334.82,16450.51,13890.29,1696.64,32037.44,133372.26
39842,Police Officer,42255,4780.59,1004.66,48040.25,7773.5,6945.15,1955.47,16674.12,64714.37
23364,Police Officer,11335.15,0,29.93,11365.08,2012,1826.32,876.02,4714.34,16079.42
22996,Police Officer,66555.32,2207.67,681.01,69444,11968.87,10803.56,4265.2,27037.63,96481.63
4084,Police Officer,27603,8714.3,2702.62,39019.92,5177.98,3601.19,654.68,9433.85,48453.77
41437,Police Officer,60295.3,2188.95,246.96,62731.21,10803.27,9774.65,4302.1,24880.02,87611.23
15705,Police Officer,75945.32,3066.94,1788.59,80800.85,13717.24,12346.92,4590.55,30654.71,111455.56
53867,Police Officer,96560.95,31814.4,5353.46,133728.81,17023.7,11318.02,2274.96,30616.68,164345.49
31102,Police Officer,44645.3,0,0,44645.3,7935.28,7202.37,3492.26,18629.91,63275.21
35668,Police Officer,60295.31,1692.54,683.5,62671.35,10803.28,9774.65,4338.36,24916.29,87587.64
11245,Police Officer,85336.95,8843.64,7432.06,101612.65,15772.38,13890.29,2081.24,31743.91,133356.56
53315,Police Officer,88154.85,13051.33,7342.26,108548.44,16396.85,13890.28,1817.83,32104.96,140653.4
52241,Police Officer,44326,0,0,44326,7878.6,7150.93,3397.33,18426.86,62752.86
13308,Police Officer,77511.94,24090.85,9909.74,111512.53,14220.61,12604.15,2327.64,29152.4,140664.93
324,Police Officer,107704.56,13153.76,9014.94,129873.26,20001.3,13890.28,2179.76,36071.34,165944.6
11030,Police Officer,85329.05,8462.42,7643.69,101435.16,15826.05,13890.28,1700.41,31416.74,132851.9
1802,Police Officer,22294.3,0,0,22294.3,3967.96,3601.19,1718.22,9287.37,31581.67
13914,Police Officer,60295.3,538.82,279.39,61113.51,10803.27,9774.65,4305.05,24882.97,85996.48
46947,Police Officer,54035.3,0,0,54035.3,9637.69,8745.74,4168.38,22551.81,76587.11
52560,Police Officer,107752.59,15625.66,10038.13,133416.38,20010.16,13890.29,2239.48,36139.93,169556.31
46558,Police Officer,4930.51,0,11587.93,16518.44,926.37,771.68,250.62,1948.67,18467.11
38022,Police Officer,106041.97,27481.01,14084.84,147607.82,19690.39,13890.28,2472.03,36052.7,183660.52
24461,Police Officer,85329.05,4864.27,5470.21,95663.53,15689.33,13890.3,2963.65,32543.28,128206.81
32835,Police Officer,96560.9,38372.4,3444.24,138377.54,17023.7,11318.01,2307.57,30649.28,169026.82
16087,Police Officer,66555.31,1749.92,1631.42,69936.65,11968.86,10803.56,4392.82,27165.24,97101.89
52523,Police Officer,11175.5,0,0,11175.5,1983.66,1800.59,857.8,4642.05,15817.55
22496,Police Officer,85336.92,14946.59,8549.88,108833.39,15825.98,13890.3,1825.11,31541.39,140374.78
17384,Police Officer,118770.08,24152.21,4902.15,147824.44,20886.36,13890.28,2530.13,37306.77,185131.21
50213,Police Officer,15800,9018.65,385.37,25204.02,2963.84,2057.82,423.29,5444.95,30648.97
21775,Police Officer,109132.49,18214.56,14083,141430.05,20259.98,13890.28,2372.08,36522.34,177952.39
48282,Police Officer,75945.32,4003.67,3024.62,82973.61,13717.24,12346.92,4619.67,30683.83,113657.44
42819,Police Officer,86317,6055.08,6922.08,99294.16,16057.5,13890.28,1637.4,31585.18,130879.34
20951,Police Officer,50801.68,0,136.94,50938.62,9119.6,8272.44,3937.64,21329.68,72268.3
25505,Police Officer,11609.68,0,0,11609.68,2060.73,1935.63,901.09,4897.45,16507.13
52505,Police Officer,85336.91,770.06,1643.55,87750.52,15564.64,13890.29,3754.05,33208.98,120959.5
19203,Police Officer,118717.32,505.16,3350.96,122573.44,20877.19,13884.18,2158.07,36919.44,159492.88
50389,Police Officer,34856.03,4695.7,589.3,40141.03,6196.64,4115.64,718.26,11030.54,51171.57
53862,Police Officer,124197.34,48142.88,8924.92,181265.14,21833.83,13890.3,3102.11,38826.24,220091.38
34371,Police Officer,118770.11,7169.41,11409.37,137348.89,20886.36,13890.28,2299.3,37075.94,174424.83
28694,Police Officer,85336.92,15207.01,5002.79,105546.72,15631.77,13890.29,2886.42,32408.48,137955.2
39889,Police Officer,72157.91,7936.62,7408.29,87502.82,13140.61,11768.16,3717.97,28626.74,116129.56
18279,Police Officer,109892.96,16250.47,8965.32,135108.75,19341.14,12861.38,2265.62,34468.14,169576.89
54969,Police Officer,106055.58,34272.76,8368.35,148696.69,19694.86,13890.3,2493.93,36079.09,184775.78
35831,Police Officer,66555.32,1406.92,1651.39,69613.63,11968.87,10803.56,4414.28,27186.71,96800.34
3777,Police Officer,66555.31,1263.49,2166.52,69985.32,11968.86,10803.55,4423.63,27196.04,97181.36
39275,Police Officer,73510.09,14128.89,7533.99,95172.97,13703.93,11318.01,1530.98,26552.92,121725.89
27424,Police Officer,27579.5,4977.62,2963.3,35520.42,5173.6,3601.19,595.69,9370.48,44890.9
50404,Police Officer,75945.32,3168.7,3375.11,82489.13,13717.24,12346.92,4588.76,30652.92,113142.05
27494,Police Officer,90930.52,7239.78,7194.08,105364.38,16906.84,13890.28,1754.01,32551.13,137915.51
26199,Police Officer,52284.06,461.23,705.26,53450.55,9294.96,6173.46,892.59,16361.01,69811.56
48704,Police Officer,11175.5,0,0,11175.5,1983.66,1800.59,858,4642.25,15817.75
43760,Police Officer,56641.01,23119.35,3160.38,82920.74,10069.54,6687.91,1381.86,18139.31,101060.05
25386,Police Officer,21518.76,4314.75,2484.45,28317.96,4004.62,3536.88,474.9,8016.4,36334.36
13961,Police Officer,60295.3,779.55,259.43,61334.28,10803.27,9774.65,4283.08,24861,86195.28
34142,Police Officer,67368.39,5327.09,2275.19,74970.67,12267.47,10996.48,3447.94,26711.89,101682.56
31154,Police Officer,30499.05,13142.5,1762.75,45404.3,5422.06,3601.19,778.52,9801.77,55206.07
14241,Police Officer,110801.1,13175.68,9073,133049.78,20568.27,13890.29,2222.34,36680.9,169730.68
5275,Police Officer,30096,4790.67,3526.88,38413.55,5600.88,4115.64,644.02,10360.54,48774.09
45563,Police Officer,66555.32,934.84,1551.6,69041.76,11968.87,10803.56,4397.41,27169.84,96211.6
46638,Police Officer,87809.79,7419.1,4244.24,99473.13,16331.02,13890.29,1376.39,31597.7,131070.83
42255,Police Officer,11175.5,0,0,11175.5,1983.66,1800.59,867.4,4651.65,15827.15
17407,Police Officer,109450.93,24195.03,11068.05,144714.01,20318.04,13890.29,2420.77,36629.1,181343.11
13700,Police Officer,89640.03,12048.75,8846.34,110535.12,16671.33,13890.29,1853.79,32415.41,142950.53
51352,Police Officer,75945.32,3284.05,2536.95,81766.32,13717.24,12346.92,4599.08,30663.24,112429.56
25210,Police Officer,106055.55,52584.92,12328.74,170969.21,19694.86,13890.3,2851.51,36436.67,207405.88
25596,Police Officer,86749.07,11337.23,6791.5,104877.8,16137.74,13890.28,1758.43,31786.45,136664.25
47353,Police Officer,15800,13590.47,2776.17,32166.64,2963.84,2057.82,540.48,5562.14,37728.78
46086,Police Officer,27086,3412,2707.22,33205.22,5081.78,3601.19,559.71,9242.68,42447.9
32104,Police Officer,42418.8,3.67,927.97,43350.44,7659,6945.14,3342.84,17946.98,61297.42
34982,Police Officer,123198.16,11143.73,9053.31,143395.2,21660.21,13779.56,2404.87,37844.64,181239.84
39541,Police Officer,85336.97,7220.3,6296.4,98853.67,15689.32,13890.28,2764.92,32344.52,131198.19
9280,Police Officer,85389.09,8611.86,7464.81,101465.76,15878.11,13890.28,1772.07,31540.46,133006.22
56663,Police Officer,9390,977.51,1156.64,11524.15,1747.47,1543.37,187.37,3478.21,15002.36
18767,Police Officer,110801.07,88517.93,8657.7,207976.7,20568.3,13890.3,3489.29,37947.89,245924.59
31016,Police Officer,84900.09,29030.22,9457.74,123388.05,15805.64,11318.01,2072.18,29195.83,152583.88
44254,Police Officer,44645.3,0,0,44645.3,7935.28,7202.37,3424.58,18562.23,63207.53
46427,Police Officer,88161.07,4899.13,8702.52,101762.72,16405.86,11832.48,1732.22,29970.56,131733.28
9826,Police Officer,41863.75,477.45,425.48,42766.68,7610.56,6880.84,2874.67,17366.07,60132.75
11127,Police Officer,85329.03,8886.39,2419.43,96634.85,15631.8,13890.29,2748.71,32270.8,128905.65
51088,Police Officer,85297.83,4505.11,5962.59,95765.53,15682.01,13883.86,2755.41,32321.28,128086.81
51301,Police Officer,66366.32,753.29,6016.82,73136.43,11971,10803.56,4452.02,27226.58,100363.01
6664,Police Officer,87947.85,24760.88,8791.73,121500.46,16356.34,13858.14,2038.63,32253.11,153753.57
42811,Police Officer,105448.91,32833.09,5018.8,143300.8,18568.66,12346.92,2451.43,33367.01,176667.81
46544,Police Officer,105540.72,7427.99,6950.11,119918.82,19598.41,13832.42,1914.45,35345.28,155264.1
30161,Police Officer,54035.3,0,0,54035.3,9637.69,8745.74,4168.38,22551.81,76587.11
11026,Police Officer,85329.05,19654.93,4949.5,109933.48,15772.41,13890.29,2218.52,31881.22,141814.7
32,Police Officer,11196.18,0,0,11196.18,1987.33,1807.03,869.02,4663.38,15859.56
35382,Police Officer,86689.08,5904.96,5381.95,97975.99,16126.8,13890.27,1642.1,31659.17,129635.16
14364,Police Officer,15800,4533.25,1750.51,22083.76,2963.84,2057.82,370.52,5392.18,27475.94
14803,Police Officer,66555.32,93.54,54.88,66703.74,11968.87,10803.56,4365.23,27137.66,93841.4
2527,Police Officer,55211.14,7421.69,3341.92,65974.75,10354.84,7189.5,1099.41,18643.75,84618.5
11629,Police Officer,114326.05,37339.76,14995.98,166661.79,20113.88,13375.83,2789.4,36279.11,202940.9
47693,Police Officer,110187.37,48616.58,3515.49,162319.44,20453.33,13825.98,2675.84,36955.15,199274.59
20264,Police Officer,60295.3,1028.99,77.33,61401.62,10803.27,9774.65,4284.21,24862.13,86263.75
42074,Police Officer,60379.44,2541.87,982.85,63904.16,10879.59,9838.96,4113.75,24832.3,88736.46
1538,Police Officer,85336.92,7206.45,3366.65,95910.02,15564.65,13890.29,3789.91,33244.85,129154.87
8086,Police Officer,85336.94,8082.46,6838.2,100257.6,15772.37,13890.29,2046.55,31709.21,131966.81
29240,Police Officer,118780.99,9221.54,23116.76,151119.29,20886.1,13890.28,2536,37312.38,188431.67
19582,Police Officer,82496.87,25380.25,17563.87,125440.99,15355.87,12797.07,2041.75,30194.69,155635.68
27054,Police Officer,85336.92,6140.87,3359.89,94837.68,15564.65,13890.28,3835.92,33290.85,128128.53
34166,Police Officer,86736.92,12799.55,11433.74,110970.21,16134.02,13890.29,1858.65,31882.96,142853.17
24885,Police Officer,75972.44,7410.91,4202.17,87585.52,14022.97,11764.95,1357.77,27145.69,114731.21
16365,Police Officer,85329.03,10649.17,7078.42,103056.62,15867.12,13890.3,1727.74,31485.16,134541.78
53643,Police Officer,78802.33,17964.18,5942.58,102709.09,14677.33,12346.93,1723.88,28748.14,131457.23
25204,Police Officer,105438.09,20402.35,17049.21,142889.65,18568.92,12346.92,2394.3,33310.14,176199.79
26791,Police Officer,73518.36,4587.5,7043.5,85149.36,13703.86,11318.02,1427.63,26449.51,111598.87
51395,Police Officer,85329.03,8431.36,3538.69,97299.08,15564.69,13890.29,3932.23,33387.21,130686.29
13102,Police Officer,86749.07,7578.53,5903.25,100230.85,16137.74,13890.29,1680.11,31708.14,131938.99
52529,Police Officer,86709.03,10049.15,8420.26,105178.44,16130.43,13890.29,1761.04,31781.76,136960.2
39672,Police Officer,44888.3,0,872.61,45760.91,7980.22,7253.82,3551.29,18785.33,64546.24
48153,Police Officer,85336.91,3193.42,3115.29,91645.62,15564.64,13890.28,3802.72,33257.64,124903.26
36523,Police Officer,66555.32,2961.65,1668.85,71185.82,11968.87,10803.56,4423.43,27195.86,98381.68
45898,Police Officer,11175.5,0,0,11175.5,1983.66,1800.59,836.59,4620.84,15796.34
7899,Police Officer,88154.86,14724.19,5063.65,107942.7,16396.84,13890.28,1807.63,32094.75,140037.45
19162,Police Officer,61008.95,34163.29,6147.12,101319.36,10765.9,7202.37,1660.6,19628.87,120948.23
9542,Police Officer,85329.03,4274.18,4577.82,94181.03,15689.31,13890.29,2899.59,32479.19,126660.22
30693,Police Officer,87829.5,5730.13,6903.55,100463.18,16335.88,13890.29,1681.55,31907.72,132370.9
28051,Police Officer,85509.06,18015.7,9250.9,112775.66,15899.95,13890.3,1891.56,31681.81,144457.47
19823,Police Officer,110739.45,7355.14,7836.77,125931.36,20554.78,13890.28,2062.49,36507.55,162438.91
35233,Police Officer,85329.1,2131.16,6330.96,93791.22,15867.14,13890.29,1562.21,31319.64,125110.86
13630,Police Officer,87329.14,6064.69,9279.81,102673.64,16243.48,13890.29,1653.47,31787.24,134460.88
6781,Police Officer,64364.3,0,0,64364.3,11510.34,10443.44,4943.88,26897.66,91261.96
41264,Police Officer,11175.5,0,0,11175.5,1983.66,1800.59,862.59,4646.84,15822.34
12741,Police Officer,60998.02,19578.48,4156.98,84733.48,10844.12,7202.37,1440.31,19486.8,104220.28
19353,Police Officer,85329.06,10163.54,2870.44,98363.04,15826.05,13890.29,1648.63,31364.97,129728.01
48508,Police Officer,107618.43,11223.24,12039.3,130880.97,19983.54,13890.29,2187.39,36061.22,166942.19
39843,Police Officer,15800.01,3036.58,3234.83,22071.42,2963.85,2057.82,370.64,5392.31,27463.73
46976,Police Officer,105797.07,12666.82,6954.23,125418.12,19646.76,13890.29,1753.36,35290.41,160708.53
35145,Police Officer,60295.31,374.18,693.48,61362.97,10803.28,9774.65,4296.35,24874.28,86237.25
16774,Police Officer,84618.53,18362.09,7146.93,110127.55,15640.12,13774.53,2228.26,31642.91,141770.46
5119,Police Officer,25353,3.67,381.47,25738.14,4596.51,4167.09,1957.65,10721.25,36459.39
27928,Police Officer,85336.95,5826.46,5086.52,96249.93,15772.38,13890.28,1990.86,31653.52,127903.45
25071,Police Officer,90295.99,34031.2,10233.77,134560.96,16792.73,13890.28,2211.16,32894.17,167455.13
6423,Police Officer,86749.1,14754.35,6276.84,107780.29,16137.75,13890.3,1804.88,31832.93,139613.22
20969,Police Officer,85336.96,18256.66,9226.92,112820.54,15867.11,13890.28,1841.49,31598.88,144419.42
15483,Police Officer,11118.8,0,0,11118.8,1984.3,1800.59,858.2,4643.09,15761.89
56788,Police Officer,66555.31,2116.62,755.85,69427.78,11968.86,10803.56,4411.15,27183.57,96611.35
7513,Police Officer,11175.5,0,0,11175.5,1983.66,1800.59,836.59,4620.84,15796.34
52877,Police Officer,66555.33,200.81,2247.58,69003.72,11968.88,10803.56,4396.77,27169.21,96172.93
27493,Police Officer,26125.9,0,0,26125.9,4648.07,4218.54,2027.78,10894.39,37020.29
46636,Police Officer,88174.5,14033.93,8458.07,110666.5,16243.56,13890.29,1856.01,31989.86,142656.36
5839,Police Officer,77030.12,11057.76,6210.72,94298.6,14351.38,11832.46,1581.5,27765.34,122063.94
17471,Police Officer,66555.3,1902.09,1421.89,69879.28,11968.85,10803.56,4418.75,27191.16,97070.44
37084,Police Officer,11175.5,0,0,11175.5,1983.66,1800.59,829.4,4613.65,15789.15
37391,Police Officer,73550.56,104.77,451.53,74106.86,13280.67,11961.09,4440.12,29681.88,103788.74
45864,Police Officer,85137.8,16202.22,8540.38,109880.4,15830.05,13825.98,1842.76,31498.79,141379.19
22505,Police Officer,118770.06,2651.64,10301.47,131723.17,20886.36,13890.29,2251.02,37027.67,168750.84
54413,Police Officer,66555.31,53.64,2055.51,68664.46,11968.86,10803.56,4380.92,27153.34,95817.8
8494,Police Officer,72961.37,28374.51,7014.3,108350.18,13600.03,11253.71,1818.7,26672.44,135022.62
46657,Police Officer,87662.01,1627.22,2164.05,91453.28,15479,10289.1,636.1,26404.2,117857.48
13143,Police Officer,118336.57,65483.59,12324.5,196144.66,20808.85,13838.85,3263.63,37911.33,234055.99
31028,Police Officer,75945.32,1924.46,3120.67,80990.45,13717.24,12346.92,4550.79,30614.95,111605.4
28974,Police Officer,107666.45,10892.37,14197.12,132755.94,19992.38,13890.28,2220.28,36102.94,168858.88
19855,Police Officer,0,0,719.9,719.9,0,0,10.44,10.44,730.34
28869,Police Officer,15776.5,4477.7,866.79,21120.99,2959.47,2057.82,347.1,5364.39,26485.38
28418,Police Officer,88045.34,20877.35,8836.49,117759.18,16374.86,13890.28,1975.56,32240.7,149999.88
51084,Police Officer,85887.04,8189.03,2581.51,96657.58,15989.29,11318.01,1621.62,28928.92,125586.5
41749,Police Officer,66555.31,0,0,66555.31,11907.57,10803.56,5137.41,27848.54,94403.85
48434,Police Officer,79475.93,17965.91,5605.36,103047.2,14803.13,12314.77,1724.67,28842.57,131889.77
22935,Police Officer,85556.98,11321.18,9653.55,106531.71,15907.22,13890.28,1776.96,31574.46,138106.17
50278,Police Officer,85329.06,9104.55,7046.55,101480.16,15826.05,13890.29,1698.68,31415.02,132895.18
5009,Police Officer,85336.95,3312.85,4965.31,93615.11,15689.29,13890.29,2610.61,32190.19,125805.3
36590,Police Officer,85336.96,7051.57,6871.7,99260.23,15772.38,13890.28,2042.96,31705.62,130965.85
22266,Police Officer,66555.31,1246.02,1137.51,68938.84,11968.86,10803.56,4395.68,27168.1,96106.94
12526,Police Officer,88006.11,10854.21,8849.93,107710.25,16367.55,13890.29,1758.57,32016.41,139726.66
13076,Police Officer,85329.05,6333.12,6307.36,97969.53,15689.33,13890.29,2775.54,32355.16,130324.69
42212,Police Officer,72932.88,9453.14,5844.24,88230.26,13596.68,11279.42,1487.21,26363.31,114593.57
22043,Police Officer,54035.3,0,0,54035.3,9637.69,8745.74,4168.38,22551.81,76587.11
44421,Police Officer,124207.18,73949.66,8925.88,207082.72,21833.54,13890.29,554.7,36278.53,243361.25
54163,Police Officer,118780.93,5745.78,6223.91,130750.62,20886.1,13890.29,2157.91,36934.3,167684.92
57025,Police Officer,88064.96,12619.37,7147,107831.33,16378.51,13890.3,1805.74,32074.55,139905.88
33491,Police Officer,85336.92,6128.31,6372.93,97838.16,15772.35,13890.28,2017.63,31680.26,129518.42
47460,Police Officer,85329.09,10944.25,4872.05,101145.39,15772.45,13890.3,2008.98,31671.73,132817.12
21554,Police Officer,118214.57,6102.21,9450.29,133767.07,20789.8,13825.98,2050.19,36665.97,170433.04
11516,Police Officer,116945.28,5590.38,4155.31,126690.97,20569.15,13679.04,2116.3,36364.49,163055.46
32901,Police Officer,85509.06,18264.07,8940.1,112713.23,15899.95,13890.28,1822.69,31612.92,144326.15
24928,Police Officer,85336.94,6546.73,4521.26,96404.93,15826,13890.3,1306.5,31022.8,127427.73
54321,Police Officer,105994.95,18182.58,11850.61,136028.14,19681.65,13890.29,2232.69,35804.63,171832.77
5108,Police Officer,109441.08,11997.51,6408.89,127847.48,20318.13,13890.29,2143.13,36351.55,164199.03
35945,Police Officer,11175.5,0,0,11175.5,1983.66,1800.59,862.59,4646.84,15822.34
17705,Police Officer,107776.16,5827.17,11456.58,125059.91,20014.54,13890.29,2047.81,35952.64,161012.55
53029,Police Officer,73267.89,10709.84,6996.36,90974.09,13658.17,11318.01,1485.27,26461.45,117435.54
25895,Police Officer,66156.2,175.87,673.52,67005.59,11896.11,10739.25,4352.97,26988.33,93993.92
21052,Police Officer,85005.69,6850.27,9314.38,101170.34,15804.48,13825.98,1695.95,31326.41,132496.75
20310,Police Officer,60295.3,570,249.45,61114.75,10803.27,9774.65,4239.07,24816.99,85931.74
8474,Police Officer,54035.3,0,0,54035.3,9637.69,8745.74,4161.54,22544.97,76580.27
9633,Police Officer,118780.97,21811,20034.04,160626.01,20886.1,13890.28,2695.65,37472.03,198098.04
53625,Police Officer,31877.6,0,0,31877.6,5728.47,5196,2442.27,13366.74,45244.34
29072,Police Officer,11175.5,0,0,11175.5,1983.66,1800.59,864.19,4648.44,15823.94
30574,Police Officer,27650,4405.19,1702.04,33757.23,5186.72,3601.19,565.96,9353.87,43111.1
8877,Police Officer,88115.59,12962.86,5917.93,106996.38,16389.53,13890.29,1791.67,32071.49,139067.87
56080,Police Officer,75945.33,2864.91,2644.22,81454.46,13717.25,12346.92,4601.55,30665.72,112120.18
7135,Police Officer,85336.94,1400.01,4920.96,91657.91,15689.29,13890.29,2669.15,32248.73,123906.64
36693,Police Officer,85329.04,6310.26,2891.07,94530.37,15564.7,13890.29,3851.12,33306.11,127836.48
6,Police Officer,85329.07,5516.53,4167.11,95012.71,15772.42,13890.28,1969.99,31632.69,126645.4
29678,Police Officer,118603.44,29131.71,7012.98,154748.13,20857.39,13870.99,2636.45,37364.83,192112.96
43318,Police Officer,44326,0,0,44326,7878.6,7150.93,3414.02,18443.55,62769.55
17039,Police Officer,110832.04,19816.75,7847.8,138496.59,20572.25,13890.3,2315.65,36778.2,175274.79
16368,Police Officer,79556.36,24474.38,8532.89,112563.63,14816.05,12346.92,1889.03,29052,141615.63
48654,Police Officer,86749.11,18431.54,7957.15,113137.8,16137.74,13890.28,1885.04,31913.06,145050.86
47128,Police Officer,85529.05,16014.94,4990.61,106534.6,15903.59,13890.28,1783.89,31577.76,138112.36
12244,Police Officer,89899.34,21504.49,8681.64,120085.47,16720.4,13890.28,2012.3,32622.98,152708.45
50529,Police Officer,79556.35,27154.11,4779.57,111490.03,14816.05,12346.92,1870.93,29033.9,140523.93
48710,Police Officer,85336.92,7748.63,6820.17,99905.72,15772.35,13890.29,2054.61,31717.25,131622.97
14268,Police Officer,118780.88,2229.19,4377.9,125387.97,20886.1,13890.29,2023.12,36799.51,162187.48
47554,Police Officer,85336.95,9951.45,7710.56,102998.96,15760.88,13890.29,2104.61,31755.78,134754.74
3022,Police Officer,85336.96,8970.93,6605.89,100913.78,15826.02,13890.3,1640.79,31357.11,132270.89
38129,Police Officer,96560.96,19407.82,19439.16,135407.94,17023.7,11318.01,2270.48,30612.19,166020.13
43276,Police Officer,118770.08,41620.11,10309.85,170700.04,20886.36,13890.29,2865.15,37641.8,208341.84
26176,Police Officer,85336.92,4383.89,3212.58,92933.39,15564.65,13890.29,3824.42,33279.36,126212.75
13114,Police Officer,114413.1,2262.6,3321.53,119997.23,20111.78,13375.83,1984.14,35471.75,155468.98
5263,Police Officer,44326,0,0,44326,7878.6,7150.93,3440.4,18469.93,62795.93
18116,Police Officer,11175.5,0,0,11175.5,1983.66,1800.59,862.59,4646.84,15822.34
10216,Police Officer,75945.32,3619.5,2993.45,82558.27,13717.24,12346.92,4416.71,30480.87,113039.14
4694,Police Officer,85536.91,6039.88,11254.97,102831.76,15903.53,13890.29,1723.95,31517.77,134349.53
32488,Police Officer,97349.83,0,5435.7,102785.53,17080.72,11362.51,1630.9,30074.13,132859.66
45961,Police Officer,85329.07,16928.14,7472.69,109729.9,15878.9,13890.28,1840.22,31609.4,141339.3
1518,Police Officer,118770.06,1713.84,3552.69,124036.59,20886.36,13890.28,1476.65,36253.29,160289.88
55519,Police Officer,17428,5146.85,474.72,23049.57,3159.84,2057.82,61.69,5279.35,28328.92
40944,Police Officer,118780.94,34413.76,9184.86,162379.56,20886.1,13890.29,2712.31,37488.7,199868.26
4505,Police Officer,85329.08,7646.69,3519.25,96495.02,15689.36,13890.29,2742.84,32322.49,128817.51
970,Police Officer,60295.31,89.8,608.67,60993.78,10803.28,9774.65,4270.29,24848.22,85842
41766,Police Officer,110465.09,20158.44,6334.89,136958.42,20505.74,13890.3,2299.19,36695.23,173653.65
15504,Police Officer,60295.3,380.42,84.81,60760.53,10803.27,9774.65,4082.55,24660.47,85421
39444,Police Officer,118770.09,9862.99,11433.83,140066.91,20886.36,13890.28,2346.09,37122.73,177189.64
17171,Police Officer,85556.94,9052.9,8961.64,103571.48,15907.19,13890.28,1736.42,31533.89,135105.37
24550,Police Officer,0,0,70,70,13.03,25.15,1.18,39.36,109.36
16202,Police Officer,110849.07,47846.34,11781.79,170477.2,20577.21,13890.29,2857.19,37324.69,207801.89
36833,Police Officer,89490.66,14629.69,9311.27,113431.62,16645.38,13890.3,1829.12,32364.8,145796.42
6860,Police Officer,44645.3,0,0,44645.3,7935.28,7202.37,3444.38,18582.03,63227.33
27201,Police Officer,66555.31,1515.43,1591.52,69662.26,11968.86,10803.56,4407.88,27180.3,96842.56
12807,Police Officer,84131.67,8781.17,5991.8,98904.64,15551.98,13697.36,2047.5,31296.84,130201.48
40095,Police Officer,85336.94,8697.73,6623.72,100658.39,15772.37,13890.28,2064.17,31726.82,132385.21
1592,Police Officer,66555.31,376.66,2065.48,68997.45,11968.86,10803.56,4396.67,27169.09,96166.54
33913,Police Officer,44645.3,0,0,44645.3,7935.28,7202.37,3465.19,18602.84,63248.14
32737,Police Officer,118780.93,19474.56,12307.11,150562.6,20886.1,13890.29,2567.73,37344.12,187906.72
40073,Police Officer,30596.1,0,0,30596.1,5441.53,4938.77,2360.33,12740.63,43336.73
30785,Police Officer,85336.96,7016.05,5209.77,97562.78,15766.63,13890.28,2009.99,31666.9,129229.68
25898,Police Officer,84937.83,6852.39,10613.02,102403.24,15752.53,13825.98,1712.5,31291.01,133694.25
46555,Police Officer,60295.31,59.87,608.67,60963.85,10803.28,9774.65,4303.14,24881.07,85844.92
30774,Police Officer,15800,3147.67,1675.3,20622.97,2963.84,2057.82,346.23,5367.89,25990.86
31640,Police Officer,17428.03,7345.64,4016,28789.67,3098.32,2057.82,491.74,5647.88,34437.55
27438,Police Officer,85329.08,9720.04,8049.46,103098.58,15826.08,13890.29,1725.97,31442.34,134540.92
21286,Police Officer,86496.92,14975.32,9756.68,111228.92,16090.27,13890.29,1797.68,31778.24,143007.16
47715,Police Officer,11175.5,0,0,11175.5,1983.68,1800.59,861.21,4645.48,15820.98
12275,Police Officer,15800,3644.5,3144.21,22588.71,2963.84,2057.82,379.36,5401.02,27989.73
41046,Police Officer,86609.09,9640.19,8644.76,104894.04,16112.23,13890.28,1758.71,31761.22,136655.26
7269,Police Officer,97610.49,7794.45,7644.66,113049.6,17908.33,12578.42,2494.72,32981.47,146031.07
33461,Police Officer,60295.31,526.35,189.58,61011.24,10803.28,9774.65,4277.53,24855.46,85866.7
37330,Police Officer,94466,4598.7,7973.3,107038,16601.49,11041.56,1821.44,29464.49,136502.49
55732,Police Officer,15650,0,0,15650,2837.35,2572.28,1208.28,6617.91,22267.91
9824,Police Officer,96560.98,24807.39,6272.77,127641.14,17023.7,11318.01,2144.31,30486.02,158127.16
16566,Police Officer,66555.31,1450.58,723.41,68729.3,11968.86,10803.56,4335.77,27108.19,95837.49
10226,Police Officer,26142.03,6322.75,2667.28,35132.06,4647.48,3086.73,602.19,8336.4,43468.46
14465,Police Officer,11175.5,0,0,11175.5,1983.66,1800.59,857.47,4641.72,15817.22
18065,Police Officer,85509.05,10031.37,7667.66,103208.08,15899.95,13890.29,1730.3,31520.54,134728.62
6314,Police Officer,110777.05,9464.63,6896.37,127138.05,20563.8,13890.29,2082.83,36536.92,163674.97
54014,Police Officer,44645.3,0,0,44645.3,7935.28,7202.37,3465.19,18602.84,63248.14
34738,Police Officer,91076.57,51418.78,8936.12,151431.47,16933.49,13890.28,2533.79,33357.56,184789.03
31393,Police Officer,24210.1,0,0,24210.1,4308.01,3909.86,1864.89,10082.76,34292.86
30356,Police Officer,60295.31,374.18,683.5,61352.99,10803.28,9774.65,4243.09,24821.02,86174.01
9515,Police Officer,85336.92,4147.26,3760.82,93245,15564.65,13890.29,3829.68,33284.62,126529.62
16225,Police Officer,15650,0,0,15650,2837.35,2572.28,1198.48,6608.11,22258.11
15611,Police Officer,81468.47,10943,6555.25,98966.72,15166.49,12861.38,1596.73,29624.6,128591.32
25745,Police Officer,66555.33,77.34,623.64,67256.31,11968.88,10803.56,4377.63,27150.07,94406.38
40555,Police Officer,86736.97,13989.61,10615.83,111342.41,16134.04,13890.28,1867.4,31891.72,143234.13
12834,Police Officer,88037.04,13333.78,8553.17,109923.99,16424.99,13890.29,1828.43,32143.71,142067.7
3511,Police Officer,118779.8,15751.76,4026.01,138557.57,20886.12,13890.29,2303,37079.41,175636.98
5200,Police Officer,107498.98,43391.32,7856.96,158747.26,19961.49,13890.28,2609.9,36461.67,195208.93
36377,Police Officer,66555.33,4109.74,2165.26,72830.33,11968.88,10803.56,4272.6,27045.04,99875.37
45598,Police Officer,110811.44,18330.72,17198.18,146340.34,20568.18,13890.29,2457.33,36915.8,183256.14
36432,Police Officer,87109.02,5518.46,6818.59,99446.07,16202.36,13761.68,1616.06,31580.1,131026.17
47994,Police Officer,118780.91,9954.81,5927.7,134663.42,20886.1,13890.29,1695.08,36471.47,171134.89
12863,Police Officer,96550.1,14861.38,4567.21,115978.69,17023.96,11318,1905.88,30247.84,146226.53
56286,Police Officer,11175.5,0,0,11175.5,1983.66,1800.59,862.59,4646.84,15822.34
28002,Police Officer,85336.94,12160.91,6867.36,104365.21,15826,13890.28,1749.79,31466.07,135831.28
45240,Police Officer,31877.6,0,0,31877.6,5728.47,5196,2458.2,13382.67,45260.27
50488,Police Officer,60295.31,619.89,710.95,61626.15,10803.28,9774.65,4269.1,24847.03,86473.18
38465,Police Officer,75945.3,165.81,850.63,76961.74,13717.22,12346.92,4525.84,30589.98,107551.72
50480,Police Officer,85336.96,8573.28,4013.53,97923.77,15772.39,13890.28,2016.08,31678.75,129602.52
3594,Police Officer,15800,3888.3,3181.24,22869.54,2963.84,2057.82,383.76,5405.42,28274.96
16355,Police Officer,90742.63,15928.14,12234.76,118905.53,16872.58,13890.28,1927.07,32689.93,151595.46
14940,Police Officer,117669.98,88976.01,32571.98,239217.97,20692.98,13761.67,4012.77,38467.42,277685.39
25693,Police Officer,65343.46,2518.22,3337.09,71198.77,12202.21,10289.11,1155.53,23646.85,94845.62
38548,Police Officer,7825,0,0,7825,1418.67,1286.14,607.34,3312.15,11137.15
6809,Police Officer,85329.08,23970.95,4407.51,113707.54,15772.43,13890.29,2278.78,31941.5,145649.04
12299,Police Officer,118780.96,20292.37,9436.09,148509.42,20886.1,13890.29,2532.62,37309.01,185818.43
18586,Police Officer,85329.04,7926.89,5035.93,98291.86,15689.32,13890.3,2782.58,32362.2,130654.06
28198,Police Officer,85329.04,4454.07,3595.73,93378.84,15564.7,13890.29,3831.94,33286.93,126665.77
31219,Police Officer,4695,0,0,4695,851.2,771.68,351.19,1974.07,6669.07
26274,Police Officer,85329.05,3437.15,4292.4,93058.6,15689.33,13890.29,2688.43,32268.05,125326.65
5761,Police Officer,26996.25,366.81,317.9,27680.96,4933.86,4437.17,1597.04,10968.07,38649.03
27724,Police Officer,85476.98,9528.4,5759.78,100765.16,15892.64,13890.28,1686.64,31469.56,132234.72
11246,Police Officer,77354.41,1797.87,3346.76,82499.04,14095.07,12604.15,3643.09,30342.31,112841.35
21747,Police Officer,105994.99,9107.55,10279.59,125382.13,19681.65,13890.29,2065.34,35637.28,161019.41
34902,Police Officer,88115.6,5863.81,5078.91,99058.32,16389.53,13890.28,1604.3,31884.11,130942.43
28133,Police Officer,118778.71,18234.69,858.38,137871.78,20886.15,13890.29,2346.57,37123.01,174994.79
42820,Police Officer,84937.84,5947.78,4814.04,95699.66,15763.6,13825.98,1981.58,31571.16,127270.82
16674,Police Officer,96550.09,15679.73,6378.56,118608.38,17023.96,11318.02,2015.52,30357.5,148965.88
49359,Police Officer,35070.6,0,0,35070.6,6295.23,5710.45,2704.44,14710.12,49780.72
4264,Police Officer,84977.76,6343.35,8883.75,100204.86,15800.99,13832.42,1710.26,31343.67,131548.53
16545,Police Officer,11878.45,0,0,11878.45,2108.43,2019.24,917.15,5044.82,16923.27
3971,Police Officer,85329.05,9627.67,3911.75,98868.47,15541.71,13890.29,3959.95,33391.95,132260.42
26208,Police Officer,73007.36,29200.31,8140.87,110348.54,13611.27,11318.01,1852.39,26781.67,137130.21
32097,Police Officer,118780.97,2098.82,12522.55,133402.34,20886.1,13890.29,2231.55,37007.94,170410.28
4672,Police Officer,54035.3,0,0,54035.3,9637.69,8745.74,4161.54,22544.97,76580.27
15362,Police Officer,106041.93,33363.25,7015.99,146421.17,19690.39,13890.3,2400.81,35981.5,182402.67
14304,Police Officer,75945.34,3461.73,3095.74,82502.81,13717.26,12346.92,4619.24,30683.42,113186.23
10782,Police Officer,44645.3,0,0,44645.3,7935.28,7202.37,3444.38,18582.03,63227.33
27890,Police Officer,118780.97,18121.08,10544.53,147446.58,20886.1,13890.29,2475.98,37252.37,184698.95
39358,Police Officer,30096.02,4116.17,3029.74,37241.93,5647.84,4115.64,624.27,10387.75,47629.68
24672,Police Officer,85329.03,5787.63,2831.88,93948.54,15760.89,13890.3,1921.77,31572.96,125521.5
4060,Police Officer,118617.58,5240.92,21119.01,144977.51,20857.05,13871,2425,37153.05,182130.56
1391,Police Officer,49016.51,544.56,3078.56,52639.63,8920.45,8038.36,3142.01,20100.82,72740.45
54534,Police Officer,43428.75,3367.21,1865.69,48661.65,7991.93,7138.07,1936.31,17066.31,65727.96
16052,Police Officer,15800,2842.15,3068.61,21710.76,2963.84,2057.82,364.24,5385.9,27096.66
16171,Police Officer,15800,2194.11,536.59,18530.7,2963.84,2057.82,303.43,5325.09,23855.79
54123,Police Officer,98126.06,28396.91,6928.2,133451.17,18240.36,12346.93,2086.68,32673.97,166125.14
11548,Police Officer,85336.96,10632.71,6201.97,102171.64,15772.38,13890.29,2092.03,31754.7,133926.34
11781,Police Officer,60295.31,995.32,848.14,62138.77,10803.28,9774.65,4256.35,24834.28,86973.05
554,Police Officer,34427.7,0,0,34427.7,6121.65,5556.12,2656.14,14333.91,48761.61
8015,Police Officer,85329.05,11296.66,4458.31,101084.02,15689.33,13890.29,2828.04,32407.66,133491.68
43556,Police Officer,75945.3,2031.81,1135.54,79112.65,13717.22,12346.92,4419.15,30483.29,109595.94
54769,Police Officer,84937.86,7356.6,7137.83,99432.29,16535.07,13825.98,1664.18,32025.23,131457.52
52852,Police Officer,85336.91,5230.83,2866.4,93434.14,15564.64,13890.29,3832.87,33287.8,126721.94
7794,Police Officer,86649.09,3634.86,5192.91,95476.86,16119.52,13890.28,1597.5,31607.3,127084.16
30012,Police Officer,44326,0,0,44326,7878.6,7150.93,3421.96,18451.49,62777.49
47827,Police Officer,86676.99,12973.03,8686.69,108336.71,16123.1,13890.28,1807.73,31821.11,140157.82
42210,Police Officer,118780.97,13287.31,16745.73,148814.01,20886.1,13890.29,2488.9,37265.29,186079.3
29720,Police Officer,85329.07,4386.97,5993.51,95709.55,15689.35,13890.29,2737.45,32317.09,128026.64
27121,Police Officer,15800,3937.65,1829.6,21567.25,2963.84,2057.82,362.15,5383.81,26951.06
46468,Police Officer,60295.31,1299.66,708.44,62303.41,10803.28,9774.65,4271.25,24849.18,87152.59
42802,Police Officer,85329.07,6882.17,3627.94,95839.18,15826.07,13890.29,1606.09,31322.45,127161.63
27059,Police Officer,66555.31,4768.3,895.54,72219.15,11968.86,10803.56,4458.19,27230.61,99449.76
44997,Police Officer,15800,7980.24,687.8,24468.04,2963.84,2057.82,410.71,5432.37,29900.41
44113,Police Officer,11175.5,0,0,11175.5,1983.66,1800.59,861.31,4645.56,15821.06
47494,Police Officer,85336.91,11485.02,6404.44,103226.37,15825.97,13890.29,1731.68,31447.94,134674.31
14381,Police Officer,85516.95,9346.86,9279.77,104143.58,15899.89,13890.28,1746.4,31536.57,135680.15
4945,Police Officer,85336.91,1766.7,1424.34,88527.95,15564.64,13890.29,3750.17,33205.1,121733.05
30018,Police Officer,6260,41.57,2068.74,8370.31,1164.98,1028.91,137.01,2330.9,10701.21
48104,Police Officer,85336.94,4104.89,3619.58,93061.41,15541.67,13890.29,3826.58,33258.54,126319.95
47120,Police Officer,60295.31,1349.54,678.51,62323.36,10803.28,9774.65,4325.44,24903.37,87226.73
22597,Police Officer,44645.3,0,0,44645.3,7935.28,7202.37,3444.38,18582.03,63227.33
42853,Police Officer,118778.71,9603.2,5594.18,133976.09,20886.15,13890.3,801.38,35577.83,169553.92
52080,Police Officer,25040,580.76,234.75,25855.51,4569.8,4115.64,1493.17,10178.61,36034.12
26642,Police Officer,85329.05,3062.33,4853.32,93244.7,15564.71,13890.29,3829.68,33284.68,126529.38
18673,Police Officer,60295.31,1091.37,99.78,61486.46,10803.28,9774.65,4016.37,24594.3,86080.76
24566,Police Officer,60295.3,0,279.39,60574.69,10803.27,9774.65,4263.22,24841.14,85415.83
40919,Police Officer,54035.3,0,0,54035.3,9637.69,8745.74,4161.54,22544.97,76580.27
23456,Police Officer,17428.03,8722.52,2920.73,29071.28,3098.32,2057.82,491.1,5647.24,34718.52
34558,Police Officer,96558.7,32890.54,28323.43,157772.67,17023.75,11318.02,2611.65,30953.42,188726.09
21634,Police Officer,88115.55,9004.83,6002.11,103122.49,16389.53,13890.28,1726.38,32006.19,135128.68
42445,Police Officer,90707.48,5699.16,9816.92,106223.56,16863.91,13825.97,1778.66,32468.54,138692.1
7676,Police Officer,30096.01,8954.61,2352.28,41402.9,5647.84,4115.64,695.11,10458.59,51861.49
51335,Police Officer,94082.63,9494.41,4380.44,107957.48,17380.63,13890.28,2220.25,33491.16,141448.64
14965,Police Officer,85336.9,7586.4,4045.5,96968.8,15689.25,13890.29,2758.68,32338.22,129307.02
5205,Police Officer,118780.91,6635.82,15021.43,140438.16,20886.1,13890.28,2386.58,37162.96,177601.12
1301,Police Officer,30499.04,6583.16,1589.16,38671.36,5422.06,3601.19,650.37,9673.62,48344.98
22485,Police Officer,62774.19,547.55,1953.21,65274.95,11316.15,10224.8,4145.13,25686.08,90961.03
41423,Police Officer,124207.13,35673.3,6666.4,166546.83,21833.51,13890.28,2747.1,38470.89,205017.72
48233,Police Officer,939,0,0,939,174.75,154.33,15.82,344.9,1283.9
23638,Police Officer,118778.7,0,0,118778.7,20737.33,13890.29,2017.42,36645.04,155423.74
34834,Police Officer,85336.94,16982.29,6412.66,108731.89,15826,13890.29,1820.93,31537.22,140269.11
33287,Police Officer,1956.26,0,1027.03,2983.29,364.06,321.53,47.59,733.18,3716.47
46462,Police Officer,61008.98,2328.28,4531.38,67868.64,10843.86,7202.37,1127.43,19173.66,87042.3
23275,Police Officer,105182.87,5364.95,12115.34,122663.16,19529.41,13825.98,2058.23,35413.62,158076.78
44424,Police Officer,85549.1,3588.73,4960.61,94098.44,15907.27,13890.29,1576.75,31374.31,125472.75
31064,Police Officer,85336.92,10435.73,3138.73,98911.38,15825.98,13890.29,1667.25,31383.52,130294.9
3455,Police Officer,69559.33,1354.47,4136.14,75049.94,12553.09,11318.01,4832.68,28703.78,103753.72
15405,Police Officer,85329.05,7932.82,3844.52,97106.39,15689.33,13890.29,2760.99,32340.61,129447
52626,Police Officer,85329.04,1715.6,4776,91820.64,15564.7,13890.29,3830.11,33285.1,125105.74
23330,Police Officer,85336.92,7057.68,2912.04,95306.64,15564.65,13890.29,3864.44,33319.38,128626.02
40894,Police Officer,75945.31,3007.09,2210.17,81162.57,13717.23,12346.92,4589.14,30653.29,111815.86
5292,Police Officer,32003.6,0,0,32003.6,5727.05,5196,2483.99,13407.04,45410.64
28667,Police Officer,85529.04,8983.41,5861.69,100374.14,15758.41,13890.29,1680.05,31328.75,131702.89
37208,Police Officer,60295.31,1473.02,690.99,62459.32,10803.28,9774.65,4327.73,24905.66,87364.98
51697,Police Officer,86277.86,21212.76,7914.08,115404.7,16049.62,13825.98,1935.88,31811.48,147216.18
15667,Police Officer,85336.93,10915.08,6350.13,102602.14,15825.99,13890.3,1720.08,31436.37,134038.51
25924,Police Officer,118279.88,15258.5,10838.44,144376.82,20799.22,13832.41,1950.75,36582.38,180959.2
30149,Police Officer,118770.07,11945.68,11240.08,141955.83,20886.36,13890.29,2426.65,37203.3,179159.13
38233,Police Officer,66555.32,1391.94,1806.04,69753.3,11968.87,10803.56,4409.41,27181.84,96935.14
55330,Police Officer,939,0,0,939,170.24,0,74.38,244.62,1183.62
3861,Police Officer,124266.99,7948.62,7685.34,139900.95,21846.16,13890.3,2291.6,38028.06,177929.01
20594,Police Officer,44326,0,0,44326,7878.6,7150.93,3419.59,18449.12,62775.12
10685,Police Officer,15800,4594.99,2051.81,22446.8,2963.84,2057.82,374.92,5396.58,27843.38
7808,Police Officer,85329.04,6492.32,5026.74,96848.1,15564.7,13890.29,3884.07,33339.06,130187.16
56962,Police Officer,14711,0,0,14711,2667.11,2417.94,1135.41,6220.46,20931.46
17746,Police Officer,84937.86,5462.62,4631.48,95031.96,15752.54,13825.99,1590.01,31168.54,126200.5
24285,Police Officer,11175.5,0,0,11175.5,1983.66,1800.59,861.31,4645.56,15821.06
43840,Police Officer,68761.06,607.36,6213.88,75582.3,12407.55,11189.4,4489.59,28086.54,103668.84
32815,Police Officer,118770,23750.61,12301.14,154821.75,20886.36,13890.3,2582.54,37359.2,192180.95
18795,Police Officer,81699.57,10410.53,8333.16,100443.26,15208.59,13118.6,1681.66,30008.85,130452.11
36132,Police Officer,118779.81,41831.04,7007.08,167617.93,20886.12,13890.29,2885.12,37661.53,205279.46
32348,Police Officer,60295.31,182.1,608.67,61086.08,10803.28,9774.65,4271.84,24849.77,85935.85
11670,Police Officer,79517.15,35262.24,9675.48,124454.87,14808.76,12346.93,2124.45,29280.14,153735.01
41139,Police Officer,66555.31,2931.08,1806.05,71292.44,11968.86,10803.56,4439.49,27211.91,98504.35
37320,Police Officer,75945.32,1516.61,1678.83,79140.76,13717.24,12346.92,4427.68,30491.84,109632.6
34884,Police Officer,95128.64,2726.52,2830.49,100685.65,16771.26,11150.17,1720.57,29642,130327.65
31835,Police Officer,85329.07,3893.74,5725.8,94948.61,15689.35,13890.29,2699.1,32278.74,127227.35
45921,Police Officer,15729.5,4995.8,2378.83,23104.13,2950.72,2057.82,386.99,5395.53,28499.66
13293,Police Officer,84929.93,6928.83,6560.73,98419.49,15698.94,13825.99,2024.43,31549.36,129968.85
51755,Police Officer,66555.31,2894.91,2035.55,71485.77,11968.86,10803.56,4445.83,27218.25,98704.02
